"('ประเภทโลหะที่มีค่าสูง / Nonferrous metals', 'ชนิดสินค้า')","('ประเภทโลหะที่มีค่าสูง / Nonferrous metals', 'ราคา / หน่วย')",update_date
อลูมิเนียมฉากขอบใหม่,42.0,2018-08-20
อลูมิเนียมฉากขอบใหม่,42.0,2018-08-26
อลูมิเนียมฉากขอบใหม่,42.0,2018-08-29
อลูมิเนียมฉากขอบใหม่,42.0,2018-08-31
อลูมิเนียมฉากขอบใหม่,42.0,2018-09-01
อลูมิเนียมฉากขอบใหม่,42.0,2018-09-02
อลูมิเนียมฉากขอบใหม่,42.0,2018-09-04
อลูมิเนียมฉากขอบใหม่,42.0,2018-09-05
อลูมิเนียมฉากขอบใหม่,41.0,2018-09-06
อลูมิเนียมฉากขอบใหม่,41.0,2018-09-07
อลูมิเนียมฉากขอบใหม่,41.0,2018-09-08
อลูมิเนียมฉากขอบใหม่,41.0,2018-09-09
อลูมิเนียมฉากขอบใหม่,41.0,2018-09-10
อลูมิเนียมฉากขอบใหม่,41.0,2018-09-12
อลูมิเนียมฉากขอบใหม่,41.0,2018-09-13
อลูมิเนียมฉากขอบใหม่,41.0,2018-09-14
อลูมิเนียมฉากขอบใหม่,41.0,2018-09-15
อลูมิเนียมฉากขอบใหม่,41.0,2018-09-18
อลูมิเนียมฉากขอบใหม่,41.0,2018-09-19
อลูมิเนียมฉากขอบใหม่,41.0,2018-09-20
อลูมิเนียมฉากขอบใหม่,41.0,2018-09-22
อลูมิเนียมฉากขอบใหม่,41.0,2018-09-25
อลูมิเนียมฉากขอบใหม่,41.0,2018-09-26
อลูมิเนียมฉากขอบใหม่,38.0,2018-09-28
อลูมิเนียมฉากขอบใหม่,38.0,2018-09-29
อลูมิเนียมฉากขอบใหม่,38.0,2018-10-01
อลูมิเนียมฉากขอบใหม่,38.0,2018-10-02
อลูมิเนียมฉากขอบใหม่,38.0,2018-10-03
อลูมิเนียมฉากขอบใหม่,38.0,2018-10-04
อลูมิเนียมฉากขอบใหม่,38.0,2018-10-06
อลูมิเนียมฉากขอบใหม่,38.0,2018-10-07
อลูมิเนียมฉากขอบใหม่,38.0,2018-10-09
อลูมิเนียมฉากขอบใหม่,38.0,2018-10-10
อลูมิเนียมฉากขอบใหม่,38.0,2018-10-11
อลูมิเนียมฉากขอบใหม่,38.0,2018-10-13
อลูมิเนียมฉากขอบใหม่,38.0,2018-10-15
อลูมิเนียมฉากขอบใหม่,38.0,2018-10-16
อลูมิเนียมฉากขอบใหม่,38.0,2018-10-17
อลูมิเนียมฉากขอบใหม่,38.0,2018-10-19
อลูมิเนียมฉากขอบใหม่,38.0,2018-10-20
อลูมิเนียมฉากขอบใหม่,38.0,2018-10-22
อลูมิเนียมฉากขอบใหม่,38.0,2018-10-23
อลูมิเนียมฉากขอบใหม่,38.0,2018-10-24
อลูมิเนียมฉากขอบใหม่,38.0,2018-10-25
อลูมิเนียมฉากขอบใหม่,38.0,2018-10-30
อลูมิเนียมฉากขอบใหม่,36.0,2018-10-31
อลูมิเนียมฉากขอบใหม่,36.0,2018-11-01
อลูมิเนียมฉากขอบใหม่,36.0,2018-11-02
อลูมิเนียมฉากขอบใหม่,36.0,2018-11-03
อลูมิเนียมฉากขอบใหม่,36.0,2018-11-04
อลูมิเนียมฉากขอบใหม่,36.0,2018-11-06
อลูมิเนียมฉากขอบใหม่,36.0,2018-11-07
อลูมิเนียมฉากขอบใหม่,36.0,2018-11-08
อลูมิเนียมฉากขอบใหม่,36.0,2018-11-09
อลูมิเนียมฉากขอบใหม่,36.0,2018-11-10
อลูมิเนียมฉากขอบใหม่,36.0,2018-11-15
อลูมิเนียมฉากขอบใหม่,35.0,2018-11-16
อลูมิเนียมฉากขอบใหม่,35.0,2018-11-17
อลูมิเนียมฉากขอบใหม่,35.0,2018-11-20
อลูมิเนียมฉากขอบใหม่,35.0,2018-11-21
อลูมิเนียมฉากขอบใหม่,35.0,2018-11-23
อลูมิเนียมฉากขอบใหม่,35.0,2018-11-24
อลูมิเนียมฉากขอบใหม่,35.0,2018-11-26
อลูมิเนียมฉากขอบใหม่,35.0,2018-11-27
อลูมิเนียมฉากขอบใหม่,35.0,2018-11-28
อลูมิเนียมฉากขอบใหม่,35.0,2018-11-29
อลูมิเนียมฉากขอบใหม่,35.0,2018-11-30
อลูมิเนียมฉากขอบใหม่,35.0,2018-12-03
อลูมิเนียมฉากขอบใหม่,35.0,2018-12-04
อลูมิเนียมฉากขอบใหม่,34.0,2018-12-05
อลูมิเนียมฉากขอบใหม่,34.0,2018-12-06
อลูมิเนียมฉากขอบใหม่,34.0,2018-12-07
อลูมิเนียมฉากขอบใหม่,34.0,2018-12-08
อลูมิเนียมฉากขอบใหม่,34.0,2018-12-09
อลูมิเนียมฉากขอบใหม่,34.0,2018-12-11
อลูมิเนียมฉากขอบใหม่,34.0,2018-12-12
อลูมิเนียมฉากขอบใหม่,34.0,2018-12-13
อลูมิเนียมฉากขอบใหม่,34.0,2018-12-15
อลูมิเนียมฉากขอบใหม่,34.0,2018-12-16
อลูมิเนียมฉากขอบใหม่,34.0,2018-12-18
อลูมิเนียมฉากขอบใหม่,34.0,2018-12-19
อลูมิเนียมฉากขอบใหม่,34.0,2018-12-21
อลูมิเนียมฉากขอบใหม่,34.0,2018-12-22
อลูมิเนียมฉากขอบใหม่,34.0,2018-12-25
อลูมิเนียมฉากขอบใหม่,33.0,2018-12-27
อลูมิเนียมฉากขอบใหม่,33.0,2018-12-28
อลูมิเนียมฉากขอบใหม่,32.0,2019-01-03
อลูมิเนียมฉากขอบใหม่,32.0,2019-01-04
อลูมิเนียมฉากขอบใหม่,32.0,2019-01-05
อลูมิเนียมฉากขอบใหม่,32.0,2019-01-08
อลูมิเนียมฉากขอบใหม่,32.0,2019-01-09
อลูมิเนียมฉากขอบใหม่,32.0,2019-01-10
อลูมิเนียมฉากขอบใหม่,32.0,2019-01-11
อลูมิเนียมฉากขอบใหม่,32.0,2019-01-12
อลูมิเนียมฉากขอบใหม่,32.0,2019-01-13
อลูมิเนียมฉากขอบใหม่,32.0,2019-01-14
อลูมิเนียมฉากขอบใหม่,31.0,2019-01-15
อลูมิเนียมฉากขอบใหม่,31.0,2019-01-16
อลูมิเนียมฉากขอบใหม่,31.0,2019-01-17
อลูมิเนียมฉากขอบใหม่,31.0,2019-01-18
อลูมิเนียมฉากขอบใหม่,31.0,2019-01-19
อลูมิเนียมฉากขอบใหม่,31.0,2019-01-22
อลูมิเนียมฉากขอบใหม่,31.0,2019-01-26
อลูมิเนียมฉากขอบใหม่,31.0,2019-01-27
อลูมิเนียมฉากขอบใหม่,31.0,2019-01-29
อลูมิเนียมฉากขอบใหม่,31.0,2019-01-30
อลูมิเนียมฉากขอบใหม่,31.0,2019-02-01
อลูมิเนียมฉากขอบใหม่,31.0,2019-02-02
อลูมิเนียมฉากขอบใหม่,31.0,2019-02-03
อลูมิเนียมฉากขอบใหม่,31.0,2019-02-04
อลูมิเนียมฉากขอบใหม่,31.0,2019-02-05
อลูมิเนียมฉากขอบใหม่,31.0,2019-02-06
อลูมิเนียมฉากขอบใหม่,31.0,2019-02-07
อลูมิเนียมฉากขอบใหม่,31.0,2019-02-10
อลูมิเนียมฉากขอบใหม่,31.0,2019-02-11
อลูมิเนียมฉากขอบใหม่,31.0,2019-02-12
อลูมิเนียมฉากขอบใหม่,32.0,2019-02-13
อลูมิเนียมฉากขอบใหม่,32.0,2019-02-16
อลูมิเนียมฉากขอบใหม่,32.0,2019-02-18
อลูมิเนียมฉากขอบใหม่,32.0,2019-02-19
อลูมิเนียมฉากขอบใหม่,32.0,2019-02-20
อลูมิเนียมฉากขอบใหม่,32.0,2019-02-21
อลูมิเนียมฉากขอบใหม่,32.0,2019-02-22
อลูมิเนียมฉากขอบใหม่,32.0,2019-02-23
อลูมิเนียมฉากขอบใหม่,32.0,2019-02-26
อลูมิเนียมฉากขอบใหม่,32.0,2019-02-28
อลูมิเนียมฉากขอบใหม่,32.0,2019-03-05
อลูมิเนียมฉากขอบใหม่,32.0,2019-03-06
อลูมิเนียมฉากขอบใหม่,32.0,2019-03-07
อลูมิเนียมฉากขอบใหม่,32.0,2019-03-09
อลูมิเนียมฉากขอบใหม่,32.0,2019-03-12
อลูมิเนียมฉากขอบใหม่,32.0,2019-03-13
อลูมิเนียมฉากขอบใหม่,32.0,2019-03-14
อลูมิเนียมฉากขอบใหม่,32.0,2019-03-19
อลูมิเนียมฉากขอบใหม่,32.0,2019-03-20
อลูมิเนียมฉากขอบใหม่,32.0,2019-03-21
อลูมิเนียมฉากขอบใหม่,32.0,2019-03-22
อลูมิเนียมฉากขอบใหม่,32.0,2019-03-23
อลูมิเนียมฉากขอบใหม่,32.0,2019-03-24
อลูมิเนียมฉากขอบใหม่,32.0,2019-03-25
อลูมิเนียมฉากขอบใหม่,32.0,2019-03-26
อลูมิเนียมฉากขอบใหม่,32.0,2019-03-27
อลูมิเนียมฉากขอบใหม่,32.0,2019-03-28
อลูมิเนียมฉากขอบใหม่,32.0,2019-03-29
อลูมิเนียมฉากขอบใหม่,32.0,2019-03-30
อลูมิเนียมฉากขอบใหม่,32.0,2019-04-01
อลูมิเนียมฉากขอบใหม่,32.0,2019-04-02
อลูมิเนียมฉากขอบใหม่,32.0,2019-04-03
อลูมิเนียมฉากขอบใหม่,32.0,2019-04-04
อลูมิเนียมฉากขอบใหม่,32.0,2019-04-05
อลูมิเนียมฉากขอบใหม่,32.0,2019-04-06
อลูมิเนียมฉากขอบใหม่,32.0,2019-04-08
อลูมิเนียมฉากขอบใหม่,32.0,2019-04-09
อลูมิเนียมฉากขอบใหม่,32.0,2019-04-10
อลูมิเนียมฉากขอบใหม่,32.0,2019-04-17
อลูมิเนียมฉากขอบใหม่,32.0,2019-04-18
อลูมิเนียมฉากขอบใหม่,32.0,2019-04-19
อลูมิเนียมฉากขอบใหม่,32.0,2019-04-20
อลูมิเนียมฉากขอบใหม่,32.0,2019-04-21
อลูมิเนียมฉากขอบใหม่,33.0,2019-04-23
อลูมิเนียมฉากขอบใหม่,33.0,2019-04-24
อลูมิเนียมฉากขอบใหม่,33.0,2019-04-26
อลูมิเนียมฉากขอบใหม่,33.0,2019-04-27
อลูมิเนียมฉากขอบใหม่,33.0,2019-04-29
อลูมิเนียมฉากขอบใหม่,33.0,2019-05-02
อลูมิเนียมฉากขอบใหม่,33.0,2019-05-03
อลูมิเนียมฉากขอบใหม่,33.0,2019-05-04
อลูมิเนียมฉากขอบใหม่,33.0,2019-05-07
อลูมิเนียมฉากขอบใหม่,33.0,2019-05-08
อลูมิเนียมฉากขอบใหม่,33.0,2019-05-09
อลูมิเนียมฉากขอบใหม่,32.0,2019-05-10
อลูมิเนียมฉากขอบใหม่,32.0,2019-05-11
อลูมิเนียมฉากขอบใหม่,32.0,2019-05-13
อลูมิเนียมฉากขอบใหม่,32.0,2019-05-14
อลูมิเนียมฉากขอบใหม่,32.0,2019-05-15
อลูมิเนียมฉากขอบใหม่,32.0,2019-05-16
อลูมิเนียมฉากขอบใหม่,32.0,2019-05-17
อลูมิเนียมฉากขอบใหม่,32.0,2019-05-20
อลูมิเนียมฉากขอบใหม่,32.0,2019-05-23
อลูมิเนียมฉากขอบใหม่,32.0,2019-05-24
อลูมิเนียมฉากขอบใหม่,32.0,2019-05-25
อลูมิเนียมฉากขอบใหม่,32.0,2019-05-27
อลูมิเนียมฉากขอบใหม่,32.0,2019-05-28
อลูมิเนียมฉากขอบใหม่,32.0,2019-05-29
อลูมิเนียมฉากขอบใหม่,32.0,2019-05-30
อลูมิเนียมฉากขอบใหม่,32.0,2019-05-31
อลูมิเนียมฉากขอบใหม่,32.0,2019-06-01
อลูมิเนียมฉากขอบใหม่,32.0,2019-06-04
อลูมิเนียมฉากขอบใหม่,32.0,2019-06-05
อลูมิเนียมฉากขอบใหม่,32.0,2019-06-06
อลูมิเนียมฉากขอบใหม่,32.0,2019-06-08
อลูมิเนียมฉากขอบใหม่,32.0,2019-06-10
อลูมิเนียมฉากขอบใหม่,32.0,2019-06-11
อลูมิเนียมฉากขอบใหม่,32.0,2019-06-12
อลูมิเนียมฉากขอบใหม่,32.0,2019-06-13
อลูมิเนียมฉากขอบใหม่,32.0,2019-06-14
อลูมิเนียมฉากขอบใหม่,32.0,2019-06-15
อลูมิเนียมฉากขอบใหม่,32.0,2019-06-17
อลูมิเนียมฉากขอบใหม่,32.0,2019-06-18
อลูมิเนียมฉากขอบใหม่,32.0,2019-06-19
อลูมิเนียมฉากขอบใหม่,32.0,2019-06-20
อลูมิเนียมฉากขอบใหม่,32.0,2019-06-22
อลูมิเนียมฉากขอบใหม่,32.0,2019-06-24
อลูมิเนียมฉากขอบใหม่,32.0,2019-06-25
อลูมิเนียมฉากขอบใหม่,33.0,2019-06-26
อลูมิเนียมฉากขอบใหม่,33.0,2019-06-27
อลูมิเนียมฉากขอบใหม่,33.0,2019-06-28
อลูมิเนียมฉากขอบใหม่,33.0,2019-06-29
อลูมิเนียมฉากขอบใหม่,33.0,2019-07-01
อลูมิเนียมฉากขอบใหม่,33.0,2019-07-02
อลูมิเนียมฉากขอบใหม่,33.0,2019-07-03
อลูมิเนียมฉากขอบใหม่,33.0,2019-07-06
อลูมิเนียมฉากขอบใหม่,33.0,2019-07-08
อลูมิเนียมฉากขอบใหม่,33.0,2019-07-09
อลูมิเนียมฉากขอบใหม่,33.0,2019-07-10
อลูมิเนียมฉากขอบใหม่,33.0,2019-07-11
อลูมิเนียมฉากขอบใหม่,33.0,2019-07-12
อลูมิเนียมฉากขอบใหม่,33.0,2019-07-13
อลูมิเนียมฉากขอบใหม่,33.0,2019-07-14
อลูมิเนียมฉากขอบใหม่,33.0,2019-07-16
อลูมิเนียมฉากขอบใหม่,33.0,2019-07-18
อลูมิเนียมฉากขอบใหม่,33.0,2019-07-21
อลูมิเนียมฉากขอบใหม่,33.0,2019-07-22
อลูมิเนียมฉากขอบใหม่,33.0,2019-07-23
อลูมิเนียมฉากขอบใหม่,33.0,2019-07-24
อลูมิเนียมฉากขอบใหม่,33.0,2019-07-25
อลูมิเนียมฉากขอบใหม่,33.0,2019-07-26
อลูมิเนียมฉากขอบใหม่,33.0,2019-07-27
อลูมิเนียมฉากขอบใหม่,33.0,2019-07-30
อลูมิเนียมฉากขอบใหม่,33.0,2019-07-31
อลูมิเนียมฉากขอบใหม่,33.0,2019-08-01
อลูมิเนียมฉากขอบใหม่,33.0,2019-08-02
อลูมิเนียมฉากขอบใหม่,33.0,2019-08-03
อลูมิเนียมฉากขอบใหม่,33.0,2019-08-05
อลูมิเนียมฉากขอบใหม่,33.0,2019-08-06
อลูมิเนียมฉากขอบใหม่,33.0,2019-08-07
อลูมิเนียมฉากขอบใหม่,33.0,2019-08-08
อลูมิเนียมฉากขอบใหม่,33.0,2019-08-09
อลูมิเนียมฉากขอบใหม่,33.0,2019-08-10
อลูมิเนียมฉากขอบใหม่,33.0,2019-08-13
อลูมิเนียมฉากขอบใหม่,33.0,2019-08-15
อลูมิเนียมฉากขอบใหม่,33.0,2019-08-16
อลูมิเนียมฉากขอบใหม่,33.0,2019-08-19
อลูมิเนียมฉากขอบใหม่,33.0,2019-08-20
อลูมิเนียมฉากขอบใหม่,33.0,2019-08-21
อลูมิเนียมฉากขอบใหม่,33.0,2019-08-23
อลูมิเนียมฉากขอบใหม่,32.0,2019-08-24
อลูมิเนียมฉากขอบใหม่,32.0,2019-08-26
อลูมิเนียมฉากขอบใหม่,32.0,2019-08-27
อลูมิเนียมฉากขอบใหม่,32.0,2019-08-28
อลูมิเนียมฉากขอบใหม่,32.0,2019-08-29
อลูมิเนียมฉากขอบใหม่,32.0,2019-08-30
อลูมิเนียมฉากขอบใหม่,32.0,2019-08-31
อลูมิเนียมฉากขอบใหม่,32.0,2019-09-01
อลูมิเนียมฉากขอบใหม่,32.0,2019-09-03
อลูมิเนียมฉากขอบใหม่,32.0,2019-09-04
อลูมิเนียมฉากขอบใหม่,32.0,2019-09-05
อลูมิเนียมฉากขอบใหม่,32.0,2019-09-06
อลูมิเนียมฉากขอบใหม่,32.0,2019-09-07
อลูมิเนียมฉากขอบใหม่,32.0,2019-09-10
อลูมิเนียมฉากขอบใหม่,32.0,2019-09-11
อลูมิเนียมฉากขอบใหม่,32.0,2019-09-12
อลูมิเนียมฉากขอบใหม่,32.0,2019-09-13
อลูมิเนียมฉากขอบใหม่,32.0,2019-09-14
อลูมิเนียมฉากขอบใหม่,32.0,2019-09-16
อลูมิเนียมฉากขอบใหม่,32.0,2019-09-17
อลูมิเนียมฉากขอบใหม่,32.0,2019-09-18
อลูมิเนียมฉากขอบใหม่,32.0,2019-09-19
อลูมิเนียมฉากขอบใหม่,31.0,2019-09-21
อลูมิเนียมฉากขอบใหม่,31.0,2019-09-24
อลูมิเนียมฉากขอบใหม่,31.0,2019-09-25
อลูมิเนียมฉากขอบใหม่,31.0,2019-09-26
อลูมิเนียมฉากขอบใหม่,31.0,2019-09-27
อลูมิเนียมฉากขอบใหม่,31.0,2019-09-28
อลูมิเนียมฉากขอบใหม่,31.0,2019-10-01
อลูมิเนียมฉากขอบใหม่,30.0,2019-10-02
อลูมิเนียมฉากขอบใหม่,30.0,2019-10-03
อลูมิเนียมฉากขอบใหม่,30.0,2019-10-04
อลูมิเนียมฉากขอบใหม่,30.0,2019-10-05
อลูมิเนียมฉากขอบใหม่,30.0,2019-10-07
อลูมิเนียมฉากขอบใหม่,30.0,2019-10-08
อลูมิเนียมฉากขอบใหม่,30.0,2019-10-09
อลูมิเนียมฉากขอบใหม่,30.0,2019-10-10
อลูมิเนียมฉากขอบใหม่,30.0,2019-10-11
อลูมิเนียมฉากขอบใหม่,30.0,2019-10-13
อลูมิเนียมฉากขอบใหม่,30.0,2019-10-14
อลูมิเนียมฉากขอบใหม่,30.0,2019-10-16
อลูมิเนียมฉากขอบใหม่,30.0,2019-10-17
อลูมิเนียมฉากขอบใหม่,30.0,2019-10-22
อลูมิเนียมฉากขอบใหม่,30.0,2019-10-23
อลูมิเนียมฉากขอบใหม่,30.0,2019-10-24
อลูมิเนียมฉากขอบใหม่,30.0,2019-10-25
อลูมิเนียมฉากขอบใหม่,30.0,2019-10-26
อลูมิเนียมฉากขอบใหม่,30.0,2019-10-28
อลูมิเนียมฉากขอบใหม่,30.0,2019-10-29
อลูมิเนียมฉากขอบใหม่,30.0,2019-10-30
อลูมิเนียมฉากขอบใหม่,30.0,2019-10-31
อลูมิเนียมฉากขอบใหม่,28.0,2019-11-01
อลูมิเนียมฉากขอบใหม่,29.0,2019-11-02
อลูมิเนียมฉากขอบใหม่,29.0,2019-11-03
อลูมิเนียมฉากขอบใหม่,29.0,2019-11-05
อลูมิเนียมฉากขอบใหม่,29.0,2019-11-06
อลูมิเนียมฉากขอบใหม่,29.0,2019-11-08
อลูมิเนียมฉากขอบใหม่,29.0,2019-11-09
อลูมิเนียมฉากขอบใหม่,29.0,2019-11-11
อลูมิเนียมฉากขอบใหม่,29.0,2019-11-12
อลูมิเนียมฉากขอบใหม่,29.0,2019-11-13
อลูมิเนียมฉากขอบใหม่,29.0,2019-11-14
อลูมิเนียมฉากขอบใหม่,29.0,2019-11-15
อลูมิเนียมฉากขอบใหม่,29.0,2019-11-16
อลูมิเนียมฉากขอบใหม่,29.0,2019-11-17
อลูมิเนียมฉากขอบใหม่,29.0,2019-11-18
อลูมิเนียมฉากขอบใหม่,29.0,2019-11-19
อลูมิเนียมฉากขอบใหม่,29.0,2019-11-20
อลูมิเนียมฉากขอบใหม่,29.0,2019-11-21
อลูมิเนียมฉากขอบใหม่,29.0,2019-11-22
อลูมิเนียมฉากขอบใหม่,29.0,2019-11-23
อลูมิเนียมฉากขอบใหม่,29.0,2019-11-24
อลูมิเนียมฉากขอบใหม่,29.0,2019-11-25
อลูมิเนียมฉากขอบใหม่,29.0,2019-11-26
อลูมิเนียมฉากขอบใหม่,29.0,2019-11-27
อลูมิเนียมฉากขอบใหม่,29.0,2019-11-28
อลูมิเนียมฉากขอบใหม่,29.0,2019-11-29
อลูมิเนียมฉากขอบใหม่,29.0,2019-11-30
อลูมิเนียมฉากขอบใหม่,29.0,2019-12-01
อลูมิเนียมฉากขอบใหม่,29.0,2019-12-04
อลูมิเนียมฉากขอบใหม่,29.0,2019-12-05
อลูมิเนียมฉากขอบใหม่,29.0,2019-12-06
อลูมิเนียมฉากขอบใหม่,29.0,2019-12-07
อลูมิเนียมฉากขอบใหม่,29.0,2019-12-11
อลูมิเนียมฉากขอบใหม่,29.0,2019-12-12
อลูมิเนียมฉากขอบใหม่,29.0,2019-12-13
อลูมิเนียมฉากขอบใหม่,29.0,2019-12-14
อลูมิเนียมฉากขอบใหม่,29.0,2019-12-16
อลูมิเนียมฉากขอบใหม่,29.0,2019-12-18
อลูมิเนียมฉากขอบใหม่,29.0,2019-12-19
อลูมิเนียมฉากขอบใหม่,29.0,2019-12-20
อลูมิเนียมฉากขอบใหม่,29.0,2019-12-23
อลูมิเนียมฉากขอบใหม่,29.0,2019-12-25
อลูมิเนียมฉากขอบใหม่,29.0,2020-01-02
อลูมิเนียมฉากขอบใหม่,30.0,2020-01-03
อลูมิเนียมฉากขอบใหม่,30.0,2020-01-04
อลูมิเนียมฉากขอบใหม่,30.0,2020-01-07
อลูมิเนียมฉากขอบใหม่,30.0,2020-01-08
อลูมิเนียมฉากขอบใหม่,30.0,2020-01-09
อลูมิเนียมฉากขอบใหม่,30.0,2020-01-14
อลูมิเนียมฉากขอบใหม่,30.0,2020-01-15
อลูมิเนียมฉากขอบใหม่,30.0,2020-01-16
อลูมิเนียมฉากขอบใหม่,31.0,2020-01-19
อลูมิเนียมฉากขอบใหม่,31.0,2020-01-20
อลูมิเนียมฉากขอบใหม่,31.0,2020-01-21
อลูมิเนียมฉากขอบใหม่,31.0,2020-01-23
อลูมิเนียมฉากขอบใหม่,31.0,2020-01-24
อลูมิเนียมฉากขอบใหม่,31.0,2020-01-25
อลูมิเนียมฉากขอบใหม่,31.0,2020-01-26
อลูมิเนียมฉากขอบใหม่,31.0,2020-01-27
อลูมิเนียมฉากขอบใหม่,31.0,2020-01-28
อลูมิเนียมฉากขอบใหม่,31.0,2020-01-29
อลูมิเนียมฉากขอบใหม่,31.0,2020-01-30
อลูมิเนียมฉากขอบใหม่,31.0,2020-01-31
อลูมิเนียมฉากขอบใหม่,31.0,2020-02-01
อลูมิเนียมฉากขอบใหม่,31.0,2020-02-02
อลูมิเนียมฉากขอบใหม่,31.0,2020-02-03
อลูมิเนียมฉากขอบใหม่,31.0,2020-02-04
อลูมิเนียมฉากขอบใหม่,30.0,2020-02-05
อลูมิเนียมฉากขอบใหม่,30.0,2020-02-06
อลูมิเนียมฉากขอบใหม่,29.0,2020-02-10
อลูมิเนียมฉากขอบใหม่,29.0,2020-02-11
อลูมิเนียมฉากขอบใหม่,29.0,2020-02-12
อลูมิเนียมฉากขอบใหม่,29.0,2020-02-13
อลูมิเนียมฉากขอบใหม่,30.0,2020-02-14
อลูมิเนียมฉากขอบใหม่,30.0,2020-02-15
อลูมิเนียมฉากขอบใหม่,30.0,2020-02-16
อลูมิเนียมฉากขอบใหม่,30.0,2020-02-17
อลูมิเนียมฉากขอบใหม่,30.0,2020-02-18
อลูมิเนียมฉากขอบใหม่,30.0,2020-02-19
อลูมิเนียมฉากขอบใหม่,30.0,2020-02-20
อลูมิเนียมฉากขอบใหม่,30.0,2020-02-21
อลูมิเนียมฉากขอบใหม่,30.0,2020-02-22
อลูมิเนียมฉากขอบใหม่,30.0,2020-02-25
อลูมิเนียมฉากขอบใหม่,30.0,2020-02-26
อลูมิเนียมฉากขอบใหม่,30.0,2020-02-27
อลูมิเนียมฉากขอบใหม่,30.0,2020-02-28
อลูมิเนียมฉากขอบใหม่,29.0,2020-02-29
อลูมิเนียมฉากขอบใหม่,29.0,2020-03-02
อลูมิเนียมฉากขอบใหม่,29.0,2020-03-03
อลูมิเนียมฉากขอบใหม่,29.0,2020-03-05
อลูมิเนียมฉากขอบใหม่,29.0,2020-03-06
อลูมิเนียมฉากขอบใหม่,29.0,2020-03-07
อลูมิเนียมฉากขอบใหม่,28.0,2020-03-09
อลูมิเนียมฉากขอบใหม่,28.0,2020-03-10
อลูมิเนียมฉากขอบใหม่,28.0,2020-03-11
อลูมิเนียมฉากขอบใหม่,28.0,2020-03-12
อลูมิเนียมฉากขอบใหม่,28.0,2020-03-13
อลูมิเนียมฉากขอบใหม่,28.0,2020-03-14
อลูมิเนียมฉากขอบใหม่,28.0,2020-03-16
อลูมิเนียมฉากขอบใหม่,28.0,2020-03-17
อลูมิเนียมฉากขอบใหม่,28.0,2020-03-18
อลูมิเนียมฉากขอบใหม่,27.0,2020-03-19
อลูมิเนียมฉากขอบใหม่,27.0,2020-03-20
อลูมิเนียมฉากขอบใหม่,26.0,2020-03-21
อลูมิเนียมฉากขอบใหม่,26.0,2020-03-23
อลูมิเนียมฉากขอบใหม่,26.0,2020-03-24
อลูมิเนียมฉากขอบใหม่,26.0,2020-03-25
อลูมิเนียมฉากขอบใหม่,26.0,2020-03-26
อลูมิเนียมฉากขอบใหม่,26.0,2020-03-28
อลูมิเนียมฉากขอบใหม่,26.0,2020-03-30
อลูมิเนียมฉากขอบใหม่,26.0,2020-03-31
อลูมิเนียมฉากขอบใหม่,26.0,2020-04-01
อลูมิเนียมฉากขอบใหม่,26.0,2020-04-03
อลูมิเนียมฉากขอบใหม่,26.0,2020-04-07
อลูมิเนียมฉากขอบใหม่,26.0,2020-04-08
อลูมิเนียมฉากขอบใหม่,26.0,2020-04-09
อลูมิเนียมฉากขอบใหม่,26.0,2020-04-12
อลูมิเนียมฉากขอบใหม่,26.0,2020-04-13
อลูมิเนียมฉากขอบใหม่,26.0,2020-04-14
อลูมิเนียมฉากขอบใหม่,26.0,2020-04-16
อลูมิเนียมฉากขอบใหม่,26.0,2020-04-17
อลูมิเนียมฉากขอบใหม่,26.0,2020-04-18
อลูมิเนียมฉากขอบใหม่,26.0,2020-04-20
อลูมิเนียมฉากขอบใหม่,26.0,2020-04-21
อลูมิเนียมฉากขอบใหม่,26.0,2020-04-22
อลูมิเนียมฉากขอบใหม่,26.0,2020-04-23
อลูมิเนียมฉากขอบใหม่,26.0,2020-04-24
อลูมิเนียมฉากขอบใหม่,26.0,2020-04-25
อลูมิเนียมฉากขอบใหม่,26.0,2020-04-27
อลูมิเนียมฉากขอบใหม่,25.0,2020-04-28
อลูมิเนียมฉากขอบใหม่,25.0,2020-04-29
อลูมิเนียมฉากขอบใหม่,25.0,2020-04-30
อลูมิเนียมฉากขอบใหม่,25.0,2020-05-02
อลูมิเนียมฉากขอบใหม่,25.0,2020-05-03
อลูมิเนียมฉากขอบใหม่,25.0,2020-05-04
อลูมิเนียมฉากขอบใหม่,25.0,2020-05-05
อลูมิเนียมฉากขอบใหม่,25.0,2020-05-06
อลูมิเนียมฉากขอบใหม่,25.0,2020-05-07
อลูมิเนียมฉากขอบใหม่,25.0,2020-05-08
อลูมิเนียมฉากขอบใหม่,25.0,2020-05-09
อลูมิเนียมฉากขอบใหม่,25.0,2020-05-11
อลูมิเนียมฉากขอบใหม่,25.0,2020-05-12
อลูมิเนียมฉากขอบใหม่,25.0,2020-05-13
อลูมิเนียมฉากขอบใหม่,25.0,2020-05-14
อลูมิเนียมฉากขอบใหม่,25.0,2020-05-15
อลูมิเนียมฉากขอบใหม่,25.0,2020-05-16
อลูมิเนียมฉากขอบใหม่,25.0,2020-05-18
อลูมิเนียมฉากขอบใหม่,25.0,2020-05-19
อลูมิเนียมฉากขอบใหม่,25.0,2020-05-21
อลูมิเนียมฉากขอบใหม่,25.0,2020-05-22
อลูมิเนียมฉากขอบใหม่,25.0,2020-05-23
อลูมิเนียมฉากขอบใหม่,25.0,2020-05-24
อลูมิเนียมฉากขอบใหม่,26.0,2020-05-26
อลูมิเนียมฉากขอบใหม่,26.0,2020-05-27
อลูมิเนียมฉากขอบใหม่,26.0,2020-05-28
อลูมิเนียมฉากขอบใหม่,26.0,2020-05-29
อลูมิเนียมฉากขอบใหม่,26.0,2020-05-30
อลูมิเนียมฉากขอบใหม่,26.0,2020-06-01
อลูมิเนียมฉากขอบใหม่,26.0,2020-06-02
อลูมิเนียมฉากขอบใหม่,26.0,2020-06-03
อลูมิเนียมฉากขอบใหม่,26.0,2020-06-05
อลูมิเนียมฉากขอบใหม่,26.0,2020-06-06
อลูมิเนียมฉากขอบใหม่,26.0,2020-06-07
อลูมิเนียมฉากขอบใหม่,26.0,2020-06-09
อลูมิเนียมฉากขอบใหม่,26.0,2020-06-11
อลูมิเนียมฉากขอบใหม่,26.0,2020-06-12
อลูมิเนียมฉากขอบใหม่,26.0,2020-06-15
อลูมิเนียมฉากขอบใหม่,26.0,2020-06-16
อลูมิเนียมฉากขอบใหม่,26.0,2020-06-17
อลูมิเนียมฉากขอบใหม่,26.0,2020-06-19
อลูมิเนียมฉากขอบใหม่,26.0,2020-06-23
อลูมิเนียมฉากขอบใหม่,26.0,2020-06-24
อลูมิเนียมฉากขอบใหม่,26.0,2020-06-25
อลูมิเนียมฉากขอบใหม่,26.0,2020-06-26
อลูมิเนียมฉากขอบใหม่,26.0,2020-06-28
อลูมิเนียมฉากขอบใหม่,26.0,2020-06-29
อลูมิเนียมฉากขอบใหม่,26.0,2020-06-30
อลูมิเนียมฉากขอบใหม่,26.0,2020-07-01
อลูมิเนียมฉากขอบใหม่,26.0,2020-07-02
อลูมิเนียมฉากขอบใหม่,26.0,2020-07-04
อลูมิเนียมฉากขอบใหม่,28.0,2020-07-07
อลูมิเนียมฉากขอบใหม่,28.0,2020-07-08
อลูมิเนียมฉากขอบใหม่,28.0,2020-07-09
อลูมิเนียมฉากขอบใหม่,28.0,2020-07-10
อลูมิเนียมฉากขอบใหม่,28.0,2020-07-11
อลูมิเนียมฉากขอบใหม่,28.0,2020-07-13
อลูมิเนียมฉากขอบใหม่,28.0,2020-07-14
อลูมิเนียมฉากขอบใหม่,28.0,2020-07-15
อลูมิเนียมฉากขอบใหม่,28.0,2020-07-16
อลูมิเนียมฉากขอบใหม่,28.0,2020-07-17
อลูมิเนียมฉากขอบใหม่,28.0,2020-07-18
อลูมิเนียมฉากขอบใหม่,28.0,2020-07-19
อลูมิเนียมฉากขอบใหม่,28.0,2020-07-21
อลูมิเนียมฉากขอบใหม่,28.0,2020-07-22
อลูมิเนียมฉากขอบใหม่,28.0,2020-07-23
อลูมิเนียมฉากขอบใหม่,28.0,2020-07-24
อลูมิเนียมฉากขอบใหม่,28.0,2020-07-25
อลูมิเนียมฉากขอบใหม่,28.0,2020-07-29
อลูมิเนียมฉากขอบใหม่,28.0,2020-07-31
อลูมิเนียมฉากขอบใหม่,28.0,2020-08-01
อลูมิเนียมฉากขอบใหม่,28.0,2020-08-03
อลูมิเนียมฉากขอบใหม่,28.0,2020-08-04
อลูมิเนียมฉากขอบใหม่,28.0,2020-08-05
อลูมิเนียมฉากขอบใหม่,28.0,2020-08-06
อลูมิเนียมฉากขอบใหม่,28.0,2020-08-07
อลูมิเนียมฉากขอบใหม่,28.0,2020-08-08
อลูมิเนียมฉากขอบใหม่,28.0,2020-08-09
อลูมิเนียมฉากขอบใหม่,28.0,2020-08-10
อลูมิเนียมฉากขอบใหม่,28.0,2020-08-11
อลูมิเนียมฉากขอบใหม่,28.0,2020-08-12
อลูมิเนียมฉากขอบใหม่,28.0,2020-08-13
อลูมิเนียมฉากขอบใหม่,28.0,2020-08-14
อลูมิเนียมฉากขอบใหม่,28.0,2020-08-15
อลูมิเนียมฉากขอบใหม่,28.0,2020-08-17
อลูมิเนียมฉากขอบใหม่,28.0,2020-08-18
อลูมิเนียมฉากขอบใหม่,28.0,2020-08-19
อลูมิเนียมฉากขอบใหม่,28.0,2020-08-20
อลูมิเนียมฉากขอบใหม่,28.0,2020-08-21
อลูมิเนียมฉากขอบใหม่,28.0,2020-08-22
อลูมิเนียมฉากขอบใหม่,28.0,2020-08-23
อลูมิเนียมฉากขอบใหม่,28.0,2020-08-24
อลูมิเนียมฉากขอบใหม่,30.0,2020-08-26
อลูมิเนียมฉากขอบใหม่,30.0,2020-08-28
อลูมิเนียมฉากขอบใหม่,30.0,2020-08-29
อลูมิเนียมฉากขอบใหม่,30.0,2020-08-30
อลูมิเนียมฉากขอบใหม่,31.0,2020-09-01
อลูมิเนียมฉากขอบใหม่,31.0,2020-09-04
อลูมิเนียมฉากขอบใหม่,31.0,2020-09-07
อลูมิเนียมฉากขอบใหม่,31.0,2020-09-08
อลูมิเนียมฉากขอบใหม่,31.0,2020-09-09
อลูมิเนียมฉากขอบใหม่,31.0,2020-09-10
อลูมิเนียมฉากขอบใหม่,31.0,2020-09-11
อลูมิเนียมฉากขอบใหม่,31.0,2020-09-12
อลูมิเนียมฉากขอบใหม่,31.0,2020-09-13
อลูมิเนียมฉากขอบใหม่,32.0,2020-09-14
อลูมิเนียมฉากขอบใหม่,32.0,2020-09-15
อลูมิเนียมฉากขอบใหม่,32.0,2020-09-16
อลูมิเนียมฉากขอบใหม่,32.0,2020-09-17
อลูมิเนียมฉากขอบใหม่,32.0,2020-09-18
อลูมิเนียมฉากขอบใหม่,32.0,2020-09-20
อลูมิเนียมฉากขอบใหม่,32.0,2020-09-23
อลูมิเนียมฉากขอบใหม่,32.0,2020-09-24
อลูมิเนียมฉากขอบใหม่,32.0,2020-09-26
อลูมิเนียมฉากขอบใหม่,32.0,2020-09-29
อลูมิเนียมฉากขอบใหม่,33.0,2020-09-30
อลูมิเนียมฉากขอบใหม่,33.0,2020-10-01
อลูมิเนียมฉากขอบใหม่,33.0,2020-10-02
อลูมิเนียมฉากขอบใหม่,33.0,2020-10-03
อลูมิเนียมฉากขอบใหม่,33.0,2020-10-05
อลูมิเนียมฉากขอบใหม่,33.0,2020-10-06
อลูมิเนียมฉากขอบใหม่,33.0,2020-10-07
อลูมิเนียมฉากขอบใหม่,33.0,2020-10-08
อลูมิเนียมฉากขอบใหม่,33.0,2020-10-09
อลูมิเนียมฉากขอบใหม่,33.0,2020-10-10
อลูมิเนียมฉากขอบใหม่,34.0,2020-10-11
อลูมิเนียมฉากขอบใหม่,34.0,2020-10-12
อลูมิเนียมฉากขอบใหม่,34.0,2020-10-13
อลูมิเนียมฉากขอบใหม่,34.0,2020-10-14
อลูมิเนียมฉากขอบใหม่,34.0,2020-10-15
อลูมิเนียมฉากขอบใหม่,34.0,2020-10-16
อลูมิเนียมฉากขอบใหม่,34.0,2020-10-17
อลูมิเนียมฉากขอบใหม่,34.0,2020-10-18
อลูมิเนียมฉากขอบใหม่,34.0,2020-10-19
อลูมิเนียมฉากขอบใหม่,34.0,2020-10-20
อลูมิเนียมฉากขอบใหม่,35.0,2020-10-21
อลูมิเนียมฉากขอบใหม่,35.0,2020-10-26
อลูมิเนียมฉากขอบใหม่,35.0,2020-10-27
อลูมิเนียมฉากขอบใหม่,35.0,2020-10-28
อลูมิเนียมฉากขอบใหม่,35.0,2020-10-29
อลูมิเนียมฉากขอบใหม่,35.0,2020-10-30
อลูมิเนียมฉากขอบใหม่,35.0,2020-10-31
อลูมิเนียมฉากขอบใหม่,35.0,2020-11-02
อลูมิเนียมฉากขอบใหม่,35.0,2020-11-03
อลูมิเนียมฉากขอบใหม่,35.0,2020-11-04
อลูมิเนียมฉากขอบใหม่,35.0,2020-11-05
อลูมิเนียมฉากขอบใหม่,35.0,2020-11-06
อลูมิเนียมฉากขอบใหม่,35.0,2020-11-07
อลูมิเนียมฉากขอบใหม่,35.0,2020-11-09
อลูมิเนียมฉากขอบใหม่,35.0,2020-11-10
อลูมิเนียมฉากขอบใหม่,35.0,2020-11-11
อลูมิเนียมฉากขอบใหม่,35.0,2020-11-12
อลูมิเนียมฉากขอบใหม่,35.0,2020-11-13
อลูมิเนียมฉากขอบใหม่,35.0,2020-11-14
อลูมิเนียมฉากขอบใหม่,35.0,2020-11-17
อลูมิเนียมฉากขอบใหม่,35.0,2020-11-18
อลูมิเนียมฉากขอบใหม่,35.0,2020-11-19
อลูมิเนียมฉากขอบใหม่,35.0,2020-11-20
อลูมิเนียมฉากขอบใหม่,35.0,2020-11-21
อลูมิเนียมฉากขอบใหม่,35.0,2020-11-22
อลูมิเนียมฉากขอบใหม่,35.0,2020-11-23
อลูมิเนียมฉากขอบใหม่,35.0,2020-11-25
อลูมิเนียมฉากขอบใหม่,35.0,2020-11-26
อลูมิเนียมฉากขอบใหม่,35.0,2020-11-27
อลูมิเนียมฉากขอบใหม่,35.0,2020-11-28
อลูมิเนียมฉากขอบใหม่,35.0,2020-11-29
อลูมิเนียมฉากขอบใหม่,35.0,2020-11-30
อลูมิเนียมฉากขอบใหม่,35.0,2020-12-01
อลูมิเนียมฉากขอบใหม่,35.0,2020-12-02
อลูมิเนียมฉากขอบใหม่,35.0,2020-12-03
อลูมิเนียมฉากขอบใหม่,35.0,2020-12-04
อลูมิเนียมฉากขอบใหม่,35.0,2020-12-05
อลูมิเนียมฉากขอบใหม่,35.0,2020-12-06
อลูมิเนียมฉากขอบใหม่,35.0,2020-12-07
อลูมิเนียมฉากขอบใหม่,35.0,2020-12-08
อลูมิเนียมฉากขอบใหม่,35.0,2020-12-10
อลูมิเนียมฉากขอบใหม่,35.0,2020-12-12
อลูมิเนียมฉากขอบใหม่,37.0,2020-12-13
อลูมิเนียมฉากขอบใหม่,37.0,2020-12-14
อลูมิเนียมฉากขอบใหม่,37.0,2020-12-17
อลูมิเนียมฉากขอบใหม่,37.0,2020-12-18
อลูมิเนียมฉากขอบใหม่,37.0,2020-12-19
อลูมิเนียมฉากขอบใหม่,37.0,2020-12-21
อลูมิเนียมฉากขอบใหม่,37.0,2020-12-22
อลูมิเนียมฉากขอบใหม่,37.0,2020-12-23
อลูมิเนียมฉากขอบใหม่,37.0,2020-12-24
อลูมิเนียมฉากขอบใหม่,37.0,2020-12-27
อลูมิเนียมฉากขอบใหม่,37.0,2020-12-28
อลูมิเนียมฉากขอบใหม่,37.0,2020-12-29
อลูมิเนียมฉากขอบใหม่,37.0,2021-01-03
อลูมิเนียมฉากขอบใหม่,37.0,2021-01-04
อลูมิเนียมฉากขอบใหม่,37.0,2021-01-05
อลูมิเนียมฉากขอบใหม่,37.0,2021-01-06
อลูมิเนียมฉากขอบใหม่,37.0,2021-01-07
อลูมิเนียมฉากขอบใหม่,37.0,2021-01-08
อลูมิเนียมฉากขอบใหม่,37.0,2021-01-11
อลูมิเนียมฉากขอบใหม่,37.0,2021-01-12
อลูมิเนียมฉากขอบใหม่,37.0,2021-01-13
อลูมิเนียมฉากขอบใหม่,37.0,2021-01-14
อลูมิเนียมฉากขอบใหม่,37.0,2021-01-16
อลูมิเนียมฉากขอบใหม่,37.0,2021-01-18
อลูมิเนียมฉากขอบใหม่,37.0,2021-01-22
อลูมิเนียมฉากขอบใหม่,36.0,2021-01-24
อลูมิเนียมฉากขอบใหม่,36.0,2021-01-26
อลูมิเนียมฉากขอบใหม่,36.0,2021-01-27
อลูมิเนียมฉากขอบใหม่,36.0,2021-01-28
อลูมิเนียมฉากขอบใหม่,36.0,2021-01-29
อลูมิเนียมฉากขอบใหม่,36.0,2021-01-30
อลูมิเนียมฉากขอบใหม่,36.0,2021-01-31
อลูมิเนียมฉากขอบใหม่,36.0,2021-02-01
อลูมิเนียมฉากขอบใหม่,36.0,2021-02-02
อลูมิเนียมฉากขอบใหม่,36.0,2021-02-03
อลูมิเนียมฉากขอบใหม่,36.0,2021-02-04
อลูมิเนียมฉากขอบใหม่,36.0,2021-02-06
อลูมิเนียมฉากขอบใหม่,36.0,2021-02-08
อลูมิเนียมฉากขอบใหม่,36.0,2021-02-09
อลูมิเนียมฉากขอบใหม่,36.0,2021-02-10
อลูมิเนียมฉากขอบใหม่,36.0,2021-02-11
อลูมิเนียมฉากขอบใหม่,36.0,2021-02-14
อลูมิเนียมฉากขอบใหม่,36.0,2021-02-15
อลูมิเนียมฉากขอบใหม่,36.0,2021-02-16
อลูมิเนียมฉากขอบใหม่,36.0,2021-02-17
อลูมิเนียมฉากขอบใหม่,36.0,2021-02-18
อลูมิเนียมฉากขอบใหม่,36.0,2021-02-19
อลูมิเนียมฉากขอบใหม่,36.0,2021-02-20
อลูมิเนียมฉากขอบใหม่,36.0,2021-02-23
อลูมิเนียมฉากขอบใหม่,36.0,2021-02-24
อลูมิเนียมฉากขอบใหม่,36.0,2021-02-26
อลูมิเนียมฉากขอบใหม่,36.0,2021-02-27
อลูมิเนียมฉากขอบใหม่,36.0,2021-03-02
อลูมิเนียมฉากขอบใหม่,37.0,2021-03-04
อลูมิเนียมฉากขอบใหม่,37.0,2021-03-05
อลูมิเนียมฉากขอบใหม่,37.0,2021-03-06
อลูมิเนียมฉากขอบใหม่,37.0,2021-03-08
อลูมิเนียมฉากขอบใหม่,37.0,2021-03-09
อลูมิเนียมฉากขอบใหม่,37.0,2021-03-10
อลูมิเนียมฉากขอบใหม่,37.0,2021-03-11
อลูมิเนียมฉากขอบใหม่,37.0,2021-03-12
อลูมิเนียมฉากขอบใหม่,37.0,2021-03-13
อลูมิเนียมฉากขอบใหม่,37.0,2021-03-14
อลูมิเนียมฉากขอบใหม่,37.0,2021-03-15
อลูมิเนียมฉากขอบใหม่,37.0,2021-03-16
อลูมิเนียมฉากขอบใหม่,37.0,2021-03-17
อลูมิเนียมฉากขอบใหม่,37.0,2021-03-18
อลูมิเนียมฉากขอบใหม่,37.0,2021-03-19
อลูมิเนียมฉากขอบใหม่,38.0,2021-03-20
อลูมิเนียมฉากขอบใหม่,38.0,2021-03-22
อลูมิเนียมฉากขอบใหม่,38.0,2021-03-23
อลูมิเนียมฉากขอบใหม่,38.0,2021-03-24
อลูมิเนียมฉากขอบใหม่,38.0,2021-03-25
อลูมิเนียมฉากขอบใหม่,38.0,2021-03-26
อลูมิเนียมฉากขอบใหม่,38.0,2021-03-28
อลูมิเนียมฉากขอบใหม่,40.0,2021-03-29
อลูมิเนียมฉากขอบใหม่,41.0,2021-03-31
อลูมิเนียมฉากขอบใหม่,41.0,2021-04-01
อลูมิเนียมฉากขอบใหม่,41.0,2021-04-02
อลูมิเนียมฉากขอบใหม่,41.0,2021-04-03
อลูมิเนียมฉากขอบใหม่,41.0,2021-04-04
อลูมิเนียมฉากขอบใหม่,41.0,2021-04-07
อลูมิเนียมฉากขอบใหม่,41.0,2021-04-08
อลูมิเนียมฉากขอบใหม่,41.0,2021-04-10
อลูมิเนียมฉากขอบใหม่,41.0,2021-04-11
อลูมิเนียมฉากขอบใหม่,41.0,2021-04-17
อลูมิเนียมฉากขอบใหม่,41.0,2021-04-18
อลูมิเนียมฉากขอบใหม่,42.0,2021-04-19
อลูมิเนียมฉากขอบใหม่,42.0,2021-04-20
อลูมิเนียมฉากขอบใหม่,42.0,2021-04-21
อลูมิเนียมฉากขอบใหม่,42.0,2021-04-23
อลูมิเนียมฉากขอบใหม่,43.0,2021-04-24
อลูมิเนียมฉากขอบใหม่,43.0,2021-04-25
อลูมิเนียมฉากขอบใหม่,43.0,2021-04-26
อลูมิเนียมฉากขอบใหม่,45.0,2021-04-27
อลูมิเนียมฉากขอบใหม่,45.0,2021-04-28
อลูมิเนียมฉากขอบใหม่,45.0,2021-04-29
อลูมิเนียมฉากขอบใหม่,45.0,2021-04-30
อลูมิเนียมฉากขอบใหม่,45.0,2021-05-02
อลูมิเนียมฉากขอบใหม่,45.0,2021-05-04
อลูมิเนียมฉากขอบใหม่,45.0,2021-05-06
อลูมิเนียมฉากขอบใหม่,45.0,2021-05-07
อลูมิเนียมฉากขอบใหม่,45.0,2021-05-08
อลูมิเนียมฉากขอบใหม่,46.0,2021-05-09
อลูมิเนียมฉากขอบใหม่,46.0,2021-05-11
อลูมิเนียมฉากขอบใหม่,46.0,2021-05-12
อลูมิเนียมฉากขอบใหม่,46.0,2021-05-13
อลูมิเนียมฉากขอบใหม่,46.0,2021-05-14
อลูมิเนียมฉากขอบใหม่,46.0,2021-05-15
อลูมิเนียมฉากขอบใหม่,46.0,2021-05-17
อลูมิเนียมฉากขอบใหม่,46.0,2021-05-19
อลูมิเนียมฉากขอบใหม่,46.0,2021-05-20
อลูมิเนียมฉากขอบใหม่,46.0,2021-05-22
อลูมิเนียมฉากขอบใหม่,46.0,2021-05-24
อลูมิเนียมฉากขอบใหม่,46.0,2021-05-25
อลูมิเนียมฉากขอบใหม่,46.0,2021-05-26
อลูมิเนียมฉากขอบใหม่,46.0,2021-05-27
อลูมิเนียมฉากขอบใหม่,46.0,2021-05-28
อลูมิเนียมฉากขอบใหม่,49.0,2021-05-29
อลูมิเนียมฉากขอบใหม่,49.0,2021-05-30
อลูมิเนียมฉากขอบใหม่,49.0,2021-06-02
อลูมิเนียมฉากขอบใหม่,49.0,2021-06-03
อลูมิเนียมฉากขอบใหม่,49.0,2021-06-04
อลูมิเนียมฉากขอบใหม่,49.0,2021-06-08
อลูมิเนียมฉากขอบใหม่,49.0,2021-06-10
อลูมิเนียมฉากขอบใหม่,49.0,2021-06-12
อลูมิเนียมฉากขอบใหม่,49.0,2021-06-15
อลูมิเนียมฉากขอบใหม่,49.0,2021-06-16
อลูมิเนียมฉากขอบใหม่,49.0,2021-06-16
อลูมิเนียมฉากขอบใหม่,49.0,2021-06-17
อลูมิเนียมฉากขอบใหม่,48.0,2021-06-18
อลูมิเนียมฉากขอบใหม่,48.0,2021-06-19
อลูมิเนียมฉากขอบใหม่,48.0,2021-06-21
อลูมิเนียมฉากขอบใหม่,48.0,2021-06-23
อลูมิเนียมฉากขอบใหม่,48.0,2021-06-24
อลูมิเนียมฉากขอบใหม่,48.0,2021-06-25
อลูมิเนียมฉากขอบใหม่,48.0,2021-06-26
อลูมิเนียมฉากขอบใหม่,48.0,2021-06-28
อลูมิเนียมฉากขอบใหม่,48.0,2021-06-29
อลูมิเนียมฉากขอบใหม่,48.0,2021-06-30
อลูมิเนียมฉากขอบใหม่,48.0,2021-07-01
อลูมิเนียมฉากขอบใหม่,48.0,2021-07-02
อลูมิเนียมฉากขอบใหม่,48.0,2021-07-03
อลูมิเนียมฉากขอบใหม่,48.0,2021-07-04
อลูมิเนียมฉากขอบใหม่,48.0,2021-07-06
อลูมิเนียมฉากขอบใหม่,48.0,2021-07-07
อลูมิเนียมฉากขอบใหม่,48.0,2021-07-08
อลูมิเนียมฉากขอบใหม่,48.0,2021-07-10
อลูมิเนียมฉากขอบใหม่,49.0,2021-07-11
อลูมิเนียมฉากขอบใหม่,49.0,2021-07-12
อลูมิเนียมฉากขอบใหม่,49.0,2021-07-13
อลูมิเนียมฉากขอบใหม่,49.0,2021-07-14
อลูมิเนียมฉากขอบใหม่,49.0,2021-07-15
อลูมิเนียมฉากขอบใหม่,49.0,2021-07-16
อลูมิเนียมฉากขอบใหม่,49.0,2021-07-17
อลูมิเนียมฉากขอบใหม่,49.0,2021-07-18
อลูมิเนียมฉากขอบใหม่,49.0,2021-07-20
อลูมิเนียมฉากขอบใหม่,49.0,2021-07-21
อลูมิเนียมฉากขอบใหม่,49.0,2021-07-22
อลูมิเนียมฉากขอบใหม่,50.0,2021-07-23
อลูมิเนียมฉากขอบใหม่,50.0,2021-07-25
อลูมิเนียมฉากขอบใหม่,50.0,2021-07-26
อลูมิเนียมฉากขอบใหม่,50.0,2021-07-28
อลูมิเนียมฉากขอบใหม่,50.0,2021-07-29
อลูมิเนียมฉากขอบใหม่,50.0,2021-07-30
อลูมิเนียมฉากขอบใหม่,50.0,2021-07-31
อลูมิเนียมฉากขอบใหม่,50.0,2021-08-01
อลูมิเนียมฉากขอบใหม่,50.0,2021-08-02
อลูมิเนียมฉากขอบใหม่,50.0,2021-08-03
อลูมิเนียมฉากขอบใหม่,50.0,2021-08-04
อลูมิเนียมฉากขอบใหม่,50.0,2021-08-05
อลูมิเนียมฉากขอบใหม่,50.0,2021-08-07
อลูมิเนียมฉากขอบใหม่,50.0,2021-08-08
อลูมิเนียมฉากขอบใหม่,50.0,2021-08-09
อลูมิเนียมฉากขอบใหม่,50.0,2021-08-10
อลูมิเนียมฉากขอบใหม่,50.0,2021-08-11
อลูมิเนียมฉากขอบใหม่,50.0,2021-08-12
อลูมิเนียมฉากขอบใหม่,50.0,2021-08-13
อลูมิเนียมฉากขอบใหม่,50.0,2021-08-14
อลูมิเนียมฉากขอบใหม่,50.0,2021-08-15
อลูมิเนียมฉากขอบใหม่,51.0,2021-08-16
อลูมิเนียมฉากขอบใหม่,51.0,2021-08-17
อลูมิเนียมฉากขอบใหม่,51.0,2021-08-18
อลูมิเนียมฉากขอบใหม่,51.0,2021-08-19
อลูมิเนียมฉากขอบใหม่,51.0,2021-08-20
อลูมิเนียมฉากขอบใหม่,51.0,2021-08-21
อลูมิเนียมฉากขอบใหม่,51.0,2021-08-23
อลูมิเนียมฉากขอบใหม่,52.0,2021-08-24
อลูมิเนียมฉากขอบใหม่,52.0,2021-08-25
อลูมิเนียมฉากขอบใหม่,54.0,2021-08-26
อลูมิเนียมฉากขอบใหม่,55.0,2021-08-27
อลูมิเนียมฉากขอบใหม่,55.0,2021-08-30
อลูมิเนียมฉากขอบใหม่,55.0,2021-08-31
อลูมิเนียมฉากขอบใหม่,55.0,2021-09-01
อลูมิเนียมฉากขอบใหม่,55.0,2021-09-02
อลูมิเนียมฉากขอบใหม่,55.0,2021-09-03
อลูมิเนียมฉากขอบใหม่,55.0,2021-09-04
อลูมิเนียมฉากขอบใหม่,55.0,2021-09-06
อลูมิเนียมฉากขอบใหม่,55.0,2021-09-07
อลูมิเนียมฉากขอบใหม่,55.0,2021-09-08
อลูมิเนียมฉากขอบใหม่,55.0,2021-09-09
อลูมิเนียมฉากขอบใหม่,55.0,2021-09-10
อลูมิเนียมฉากขอบใหม่,55.0,2021-09-11
อลูมิเนียมฉากขอบใหม่,55.0,2021-09-12
อลูมิเนียมฉากขอบใหม่,58.0,2021-09-13
อลูมิเนียมฉากขอบใหม่,58.0,2021-09-15
อลูมิเนียมฉากขอบใหม่,58.0,2021-09-16
อลูมิเนียมฉากขอบใหม่,58.0,2021-09-17
อลูมิเนียมฉากขอบใหม่,62.0,2021-09-18
อลูมิเนียมฉากขอบใหม่,62.0,2021-09-20
อลูมิเนียมฉากขอบใหม่,62.0,2021-09-21
อลูมิเนียมฉากขอบใหม่,62.0,2021-09-22
อลูมิเนียมฉากขอบใหม่,62.0,2021-09-23
อลูมิเนียมฉากขอบใหม่,62.0,2021-09-24
อลูมิเนียมฉากขอบใหม่,62.0,2021-09-25
อลูมิเนียมฉากขอบใหม่,62.0,2021-09-26
อลูมิเนียมฉากขอบใหม่,62.0,2021-09-27
อลูมิเนียมฉากขอบใหม่,62.0,2021-09-30
อลูมิเนียมฉากขอบใหม่,62.0,2021-10-01
อลูมิเนียมฉากขอบใหม่,62.0,2021-10-03
อลูมิเนียมฉากขอบใหม่,65.0,2021-10-04
อลูมิเนียมฉากขอบใหม่,65.0,2021-10-06
อลูมิเนียมฉากขอบใหม่,65.0,2021-10-07
อลูมิเนียมฉากขอบใหม่,65.0,2021-10-08
อลูมิเนียมฉากขอบใหม่,65.0,2021-10-10
อลูมิเนียมฉากขอบใหม่,65.0,2021-10-12
อลูมิเนียมฉากขอบใหม่,70.0,2021-10-13
อลูมิเนียมฉากขอบใหม่,70.0,2021-10-14
อลูมิเนียมฉากขอบใหม่,70.0,2021-10-15
อลูมิเนียมฉากขอบใหม่,70.0,2021-10-16
อลูมิเนียมฉากขอบใหม่,74.0,2021-10-17
อลูมิเนียมฉากขอบใหม่,74.0,2021-10-18
อลูมิเนียมฉากขอบใหม่,74.0,2021-10-19
อลูมิเนียมฉากขอบใหม่,74.0,2021-10-20
อลูมิเนียมฉากขอบใหม่,74.0,2021-10-21
อลูมิเนียมฉากขอบใหม่,74.0,2021-10-22
อลูมิเนียมฉากขอบใหม่,74.0,2021-10-23
อลูมิเนียมฉากขอบใหม่,74.0,2021-10-24
อลูมิเนียมฉากขอบใหม่,74.0,2021-10-25
อลูมิเนียมฉากขอบใหม่,74.0,2021-10-26
อลูมิเนียมฉากขอบใหม่,74.0,2021-10-27
อลูมิเนียมฉากขอบใหม่,72.0,2021-10-28
อลูมิเนียมฉากขอบใหม่,71.0,2021-10-31
อลูมิเนียมฉากขอบใหม่,69.0,2021-11-01
อลูมิเนียมฉากขอบใหม่,69.0,2021-11-02
อลูมิเนียมฉากขอบใหม่,69.0,2021-11-03
อลูมิเนียมฉากขอบใหม่,69.0,2021-11-04
อลูมิเนียมฉากขอบใหม่,66.0,2021-11-05
อลูมิเนียมฉากขอบใหม่,66.0,2021-11-06
อลูมิเนียมฉากขอบใหม่,66.0,2021-11-07
อลูมิเนียมฉากขอบใหม่,66.0,2021-11-08
อลูมิเนียมฉากขอบใหม่,61.0,2021-11-09
อลูมิเนียมฉากขอบใหม่,61.0,2021-11-10
อลูมิเนียมฉากขอบใหม่,61.0,2021-11-11
อลูมิเนียมฉากขอบใหม่,65.0,2021-11-12
อลูมิเนียมฉากขอบใหม่,65.0,2021-11-13
อลูมิเนียมฉากขอบใหม่,65.0,2021-11-14
อลูมิเนียมฉากขอบใหม่,65.0,2021-11-15
อลูมิเนียมฉากขอบใหม่,64.0,2021-11-16
อลูมิเนียมฉากขอบใหม่,63.0,2021-11-17
อลูมิเนียมฉากขอบใหม่,63.0,2021-11-18
อลูมิเนียมฉากขอบใหม่,61.0,2021-11-20
อลูมิเนียมฉากขอบใหม่,61.0,2021-11-21
อลูมิเนียมฉากขอบใหม่,61.0,2021-11-22
อลูมิเนียมฉากขอบใหม่,61.0,2021-11-23
อลูมิเนียมฉากขอบใหม่,61.0,2021-11-24
อลูมิเนียมฉากขอบใหม่,61.0,2021-11-25
อลูมิเนียมฉากขอบใหม่,61.0,2021-11-26
อลูมิเนียมฉากขอบใหม่,61.0,2021-11-27
อลูมิเนียมฉากขอบใหม่,61.0,2021-11-28
อลูมิเนียมฉากขอบใหม่,61.0,2021-11-30
อลูมิเนียมฉากขอบใหม่,61.0,2021-12-01
อลูมิเนียมฉากขอบใหม่,61.0,2021-12-02
อลูมิเนียมฉากขอบใหม่,61.0,2021-12-03
อลูมิเนียมฉากขอบใหม่,61.0,2021-12-04
อลูมิเนียมฉากขอบใหม่,61.0,2021-12-05
อลูมิเนียมฉากขอบใหม่,61.0,2021-12-07
อลูมิเนียมฉากขอบใหม่,61.0,2021-12-10
อลูมิเนียมฉากขอบใหม่,61.0,2021-12-11
อลูมิเนียมฉากขอบใหม่,61.0,2021-12-12
อลูมิเนียมฉากขอบใหม่,61.0,2021-12-14
อลูมิเนียมฉากขอบใหม่,61.0,2021-12-15
อลูมิเนียมฉากขอบใหม่,61.0,2021-12-16
อลูมิเนียมฉากขอบใหม่,61.0,2021-12-20
อลูมิเนียมฉากขอบใหม่,61.0,2021-12-21
อลูมิเนียมฉากขอบใหม่,61.0,2021-12-23
อลูมิเนียมฉากขอบใหม่,63.0,2021-12-24
อลูมิเนียมฉากขอบใหม่,63.0,2021-12-25
อลูมิเนียมฉากขอบใหม่,63.0,2021-12-28
อลูมิเนียมฉากขอบใหม่,63.0,2021-12-29
อลูมิเนียมฉากขอบใหม่,63.0,2022-01-05
อลูมิเนียมฉากขอบใหม่,66.0,2022-01-06
อลูมิเนียมฉากขอบใหม่,66.0,2022-01-08
อลูมิเนียมฉากขอบใหม่,66.0,2022-01-09
อลูมิเนียมฉากขอบใหม่,68.0,2022-01-10
อลูมิเนียมฉากขอบใหม่,68.0,2022-01-11
อลูมิเนียมฉากขอบใหม่,68.0,2022-01-12
อลูมิเนียมฉากขอบใหม่,68.0,2022-01-13
อลูมิเนียมฉากขอบใหม่,68.0,2022-01-14
อลูมิเนียมฉากขอบใหม่,68.0,2022-01-15
อลูมิเนียมฉากขอบใหม่,68.0,2022-01-17
อลูมิเนียมฉากขอบใหม่,68.0,2022-01-18
อลูมิเนียมฉากขอบใหม่,68.0,2022-01-19
อลูมิเนียมฉากขอบใหม่,68.0,2022-01-20
อลูมิเนียมฉากขอบใหม่,68.0,2022-01-21
อลูมิเนียมฉากขอบใหม่,68.0,2022-01-22
อลูมิเนียมฉากขอบใหม่,70.0,2022-01-24
อลูมิเนียมฉากขอบใหม่,70.0,2022-01-25
อลูมิเนียมฉากขอบใหม่,70.0,2022-01-26
อลูมิเนียมฉากขอบใหม่,70.0,2022-01-27
อลูมิเนียมฉากขอบใหม่,70.0,2022-01-28
อลูมิเนียมฉากขอบใหม่,70.0,2022-01-29
อลูมิเนียมฉากขอบใหม่,70.0,2022-01-31
อลูมิเนียมฉากขอบใหม่,70.0,2022-02-04
อลูมิเนียมฉากขอบใหม่,70.0,2022-02-05
อลูมิเนียมฉากขอบใหม่,70.0,2022-02-06
อลูมิเนียมฉากขอบใหม่,70.0,2022-02-07
อลูมิเนียมฉากขอบใหม่,70.0,2022-02-08
อลูมิเนียมฉากขอบใหม่,70.0,2022-02-09
อลูมิเนียมฉากขอบใหม่,70.0,2022-02-10
อลูมิเนียมฉากขอบใหม่,70.0,2022-02-11
อลูมิเนียมฉากขอบใหม่,72.0,2022-02-12
อลูมิเนียมฉากขอบใหม่,72.0,2022-02-15
อลูมิเนียมฉากขอบใหม่,72.0,2022-02-16
อลูมิเนียมฉากขอบใหม่,72.0,2022-02-17
อลูมิเนียมฉากขอบใหม่,72.0,2022-02-18
อลูมิเนียมฉากขอบใหม่,72.0,2022-02-23
อลูมิเนียมฉากขอบใหม่,74.0,2022-02-24
อลูมิเนียมฉากขอบใหม่,74.0,2022-02-27
อลูมิเนียมฉากขอบใหม่,74.0,2022-02-28
อลูมิเนียมฉากขอบใหม่,74.0,2022-03-01
อลูมิเนียมฉากขอบใหม่,74.0,2022-03-03
อลูมิเนียมฉากขอบใหม่,74.0,2022-03-04
อลูมิเนียมฉากขอบใหม่,74.0,2022-03-05
อลูมิเนียมฉากขอบใหม่,75.0,2022-03-06
อลูมิเนียมฉากขอบใหม่,75.0,2022-03-08
อลูมิเนียมฉากขอบใหม่,74.0,2022-03-10
อลูมิเนียมฉากขอบใหม่,74.0,2022-03-13
อลูมิเนียมฉากขอบใหม่,74.0,2022-03-14
อลูมิเนียมฉากขอบใหม่,71.0,2022-03-15
อลูมิเนียมฉากขอบใหม่,71.0,2022-03-17
อลูมิเนียมฉากขอบใหม่,71.0,2022-03-18
อลูมิเนียมฉากขอบใหม่,71.0,2022-03-19
อลูมิเนียมฉากขอบใหม่,74.0,2022-03-20
อลูมิเนียมฉากขอบใหม่,74.0,2022-03-21
อลูมิเนียมฉากขอบใหม่,74.0,2022-03-22
อลูมิเนียมฉากขอบใหม่,75.0,2022-03-23
อลูมิเนียมฉากขอบใหม่,75.0,2022-03-24
อลูมิเนียมฉากขอบใหม่,75.0,2022-03-29
อลูมิเนียมฉากขอบใหม่,75.0,2022-03-30
อลูมิเนียมฉากขอบใหม่,75.0,2022-03-31
อลูมิเนียมฉากขอบใหม่,75.0,2022-04-01
อลูมิเนียมฉากขอบใหม่,76.0,2022-04-02
อลูมิเนียมฉากขอบใหม่,76.0,2022-04-04
อลูมิเนียมฉากขอบใหม่,76.0,2022-04-05
อลูมิเนียมฉากขอบใหม่,76.0,2022-04-06
อลูมิเนียมฉากขอบใหม่,76.0,2022-04-11
อลูมิเนียมฉากขอบใหม่,76.0,2022-04-19
อลูมิเนียมฉากขอบใหม่,75.0,2022-04-20
อลูมิเนียมฉากขอบใหม่,75.0,2022-04-21
อลูมิเนียมฉากขอบใหม่,75.0,2022-04-23
อลูมิเนียมฉากขอบใหม่,75.0,2022-04-24
อลูมิเนียมฉากขอบใหม่,75.0,2022-04-25
อลูมิเนียมฉากขอบใหม่,75.0,2022-04-26
อลูมิเนียมฉากขอบใหม่,74.0,2022-04-27
อลูมิเนียมฉากขอบใหม่,69.0,2022-05-07
อลูมิเนียมฉากขอบใหม่,69.0,2022-05-08
อลูมิเนียมฉากขอบใหม่,69.0,2022-05-09
อลูมิเนียมฉากขอบใหม่,69.0,2022-05-10
อลูมิเนียมฉากขอบใหม่,69.0,2022-05-11
อลูมิเนียมฉากขอบใหม่,69.0,2022-05-12
อลูมิเนียมฉากขอบใหม่,68.0,2022-05-13
อลูมิเนียมฉากขอบใหม่,68.0,2022-05-14
อลูมิเนียมฉากขอบใหม่,68.0,2022-05-15
อลูมิเนียมฉากขอบใหม่,68.0,2022-05-16
อลูมิเนียมฉากขอบใหม่,69.0,2022-05-17
อลูมิเนียมฉากขอบใหม่,69.0,2022-05-18
อลูมิเนียมฉากขอบใหม่,69.0,2022-05-19
อลูมิเนียมฉากขอบใหม่,69.0,2022-05-20
อลูมิเนียมฉากขอบใหม่,69.0,2022-05-21
อลูมิเนียมฉากขอบใหม่,69.0,2022-05-22
อลูมิเนียมฉากขอบใหม่,69.0,2022-05-23
อลูมิเนียมฉากขอบใหม่,69.0,2022-05-24
อลูมิเนียมฉากขอบใหม่,71.0,2022-05-25
อลูมิเนียมฉากขอบใหม่,71.0,2022-05-26
อลูมิเนียมฉากขอบใหม่,71.0,2022-05-27
อลูมิเนียมฉากขอบใหม่,71.0,2022-05-28
อลูมิเนียมฉากขอบใหม่,71.0,2022-05-29
อลูมิเนียมฉากขอบใหม่,71.0,2022-05-30
อลูมิเนียมฉากขอบใหม่,71.0,2022-05-31
อลูมิเนียมฉากขอบใหม่,71.0,2022-06-01
อลูมิเนียมฉากขอบใหม่,70.0,2022-06-02
อลูมิเนียมฉากขอบใหม่,70.0,2022-06-03
อลูมิเนียมฉากขอบใหม่,70.0,2022-06-06
อลูมิเนียมฉากขอบใหม่,70.0,2022-06-07
อลูมิเนียมฉากขอบใหม่,70.0,2022-06-08
อลูมิเนียมฉากขอบใหม่,69.0,2022-06-09
อลูมิเนียมฉากขอบใหม่,69.0,2022-06-10
อลูมิเนียมฉากขอบใหม่,69.0,2022-06-12
อลูมิเนียมฉากขอบใหม่,68.0,2022-06-13
อลูมิเนียมฉากขอบใหม่,68.0,2022-06-15
อลูมิเนียมฉากขอบใหม่,68.0,2022-06-16
อลูมิเนียมฉากขอบใหม่,68.0,2022-06-17
อลูมิเนียมฉากขอบใหม่,64.0,2022-06-18
อลูมิเนียมฉากขอบใหม่,64.0,2022-06-20
อลูมิเนียมฉากขอบใหม่,63.0,2022-06-21
อลูมิเนียมฉากขอบใหม่,63.0,2022-06-22
อลูมิเนียมฉากขอบใหม่,63.0,2022-06-23
อลูมิเนียมฉากขอบใหม่,63.0,2022-06-24
อลูมิเนียมฉากขอบใหม่,63.0,2022-06-25
อลูมิเนียมฉากขอบใหม่,63.0,2022-06-27
อลูมิเนียมฉากขอบใหม่,63.0,2022-06-28
อลูมิเนียมฉากขอบใหม่,63.0,2022-06-29
อลูมิเนียมฉากขอบใหม่,63.0,2022-06-30
อลูมิเนียมฉากขอบใหม่,61.0,2022-07-01
อลูมิเนียมฉากขอบใหม่,61.0,2022-07-02
อลูมิเนียมฉากขอบใหม่,61.0,2022-07-03
อลูมิเนียมฉากขอบใหม่,61.0,2022-07-04
อลูมิเนียมฉากขอบใหม่,61.0,2022-07-05
อลูมิเนียมฉากขอบใหม่,61.0,2022-07-06
อลูมิเนียมฉากขอบใหม่,60.0,2022-07-07
อลูมิเนียมฉากขอบใหม่,60.0,2022-07-08
อลูมิเนียมฉากขอบใหม่,60.0,2022-07-09
อลูมิเนียมฉากขอบใหม่,60.0,2022-07-11
อลูมิเนียมฉากขอบใหม่,58.0,2022-07-12
อลูมิเนียมฉากขอบใหม่,58.0,2022-07-13
อลูมิเนียมฉากขอบใหม่,58.0,2022-07-15
อลูมิเนียมฉากขอบใหม่,58.0,2022-07-16
อลูมิเนียมฉากขอบใหม่,58.0,2022-07-18
อลูมิเนียมฉากขอบใหม่,58.0,2022-07-19
อลูมิเนียมฉากขอบใหม่,56.0,2022-07-20
อลูมิเนียมฉากขอบใหม่,56.0,2022-07-22
อลูมิเนียมฉากขอบใหม่,56.0,2022-07-23
อลูมิเนียมฉากขอบใหม่,56.0,2022-07-25
อลูมิเนียมฉากขอบใหม่,56.0,2022-07-26
อลูมิเนียมฉากขอบใหม่,56.0,2022-07-27
อลูมิเนียมฉากขอบใหม่,56.0,2022-07-28
อลูมิเนียมฉากขอบใหม่,56.0,2022-07-29
อลูมิเนียมฉากขอบใหม่,56.0,2022-07-30
อลูมิเนียมฉากขอบใหม่,56.0,2022-07-31
อลูมิเนียมฉากขอบใหม่,56.0,2022-08-01
อลูมิเนียมฉากขอบใหม่,56.0,2022-08-02
อลูมิเนียมฉากขอบใหม่,56.0,2022-08-03
อลูมิเนียมฉากขอบใหม่,56.0,2022-08-04
อลูมิเนียมฉากขอบใหม่,57.0,2022-08-05
อลูมิเนียมฉากขอบใหม่,57.0,2022-08-06
อลูมิเนียมฉากขอบใหม่,57.0,2022-08-08
อลูมิเนียมฉากขอบใหม่,57.0,2022-08-09
อลูมิเนียมฉากขอบใหม่,57.0,2022-08-10
อลูมิเนียมฉากขอบใหม่,57.0,2022-08-11
อลูมิเนียมฉากขอบใหม่,58.0,2022-08-12
อลูมิเนียมฉากขอบใหม่,58.0,2022-08-13
อลูมิเนียมฉากขอบใหม่,58.0,2022-08-15
อลูมิเนียมฉากขอบใหม่,58.0,2022-08-16
อลูมิเนียมฉากขอบใหม่,58.0,2022-08-17
อลูมิเนียมฉากขอบใหม่,58.0,2022-08-18
อลูมิเนียมฉากขอบใหม่,58.0,2022-08-19
อลูมิเนียมฉากขอบใหม่,58.0,2022-08-20
อลูมิเนียมฉากขอบใหม่,58.0,2022-08-21
อลูมิเนียมฉากขอบใหม่,58.0,2022-08-22
อลูมิเนียมฉากขอบใหม่,58.0,2022-08-23
อลูมิเนียมฉากขอบใหม่,58.0,2022-08-25
อลูมิเนียมฉากขอบใหม่,58.0,2022-08-26
อลูมิเนียมฉากขอบใหม่,61.0,2022-08-27
อลูมิเนียมฉากขอบใหม่,61.0,2022-08-29
อลูมิเนียมฉากขอบใหม่,61.0,2022-08-30
อลูมิเนียมฉากขอบใหม่,61.0,2022-08-31
อลูมิเนียมฉากขอบใหม่,60.0,2022-09-01
อลูมิเนียมฉากขอบใหม่,59.0,2022-09-02
อลูมิเนียมฉากขอบใหม่,59.0,2022-09-03
อลูมิเนียมฉากขอบใหม่,59.0,2022-09-04
อลูมิเนียมฉากขอบใหม่,59.0,2022-09-05
อลูมิเนียมฉากขอบใหม่,59.0,2022-09-06
อลูมิเนียมฉากขอบใหม่,58.0,2022-09-08
อลูมิเนียมฉากขอบใหม่,58.0,2022-09-09
อลูมิเนียมฉากขอบใหม่,58.0,2022-09-10
อลูมิเนียมฉากขอบใหม่,58.0,2022-09-12
อลูมิเนียมฉากขอบใหม่,58.0,2022-09-13
อลูมิเนียมฉากขอบใหม่,59.0,2022-09-14
อลูมิเนียมฉากขอบใหม่,59.0,2022-09-15
อลูมิเนียมฉากขอบใหม่,59.0,2022-09-17
อลูมิเนียมฉากขอบใหม่,59.0,2022-09-18
อลูมิเนียมฉากขอบใหม่,59.0,2022-09-20
อลูมิเนียมฉากขอบใหม่,59.0,2022-09-21
อลูมิเนียมฉากขอบใหม่,59.0,2022-09-22
อลูมิเนียมฉากขอบใหม่,59.0,2022-09-23
อลูมิเนียมฉากขอบใหม่,59.0,2022-09-24
อลูมิเนียมฉากขอบใหม่,59.0,2022-09-27
อลูมิเนียมฉากขอบใหม่,59.0,2022-09-28
อลูมิเนียมฉากขอบใหม่,57.0,2022-09-29
อลูมิเนียมฉากขอบใหม่,57.0,2022-09-30
อลูมิเนียมฉากขอบใหม่,57.0,2022-10-01
อลูมิเนียมฉากขอบใหม่,57.0,2022-10-03
อลูมิเนียมฉากขอบใหม่,57.0,2022-10-04
อลูมิเนียมฉากขอบใหม่,57.0,2022-10-06
อลูมิเนียมฉากขอบใหม่,58.0,2022-10-07
อลูมิเนียมฉากขอบใหม่,58.0,2022-10-08
อลูมิเนียมฉากขอบใหม่,58.0,2022-10-10
อลูมิเนียมฉากขอบใหม่,58.0,2022-10-11
อลูมิเนียมฉากขอบใหม่,58.0,2022-10-12
อลูมิเนียมฉากขอบใหม่,58.0,2022-10-14
อลูมิเนียมฉากขอบใหม่,58.0,2022-10-15
อลูมิเนียมฉากขอบใหม่,58.0,2022-10-16
อลูมิเนียมฉากขอบใหม่,58.0,2022-10-17
อลูมิเนียมฉากขอบใหม่,58.0,2022-10-18
อลูมิเนียมฉากขอบใหม่,58.0,2022-10-19
อลูมิเนียมฉากขอบใหม่,58.0,2022-10-20
อลูมิเนียมฉากขอบใหม่,58.0,2022-10-21
อลูมิเนียมฉากขอบใหม่,58.0,2022-10-24
อลูมิเนียมฉากขอบใหม่,58.0,2022-10-25
อลูมิเนียมฉากขอบใหม่,58.0,2022-10-26
อลูมิเนียมฉากขอบใหม่,58.0,2022-10-27
อลูมิเนียมฉากขอบใหม่,58.0,2022-10-28
อลูมิเนียมฉากขอบใหม่,58.0,2022-10-29
อลูมิเนียมฉากขอบใหม่,58.0,2022-10-30
อลูมิเนียมฉากขอบใหม่,58.0,2022-10-31
อลูมิเนียมฉากขอบใหม่,58.0,2022-11-01
อลูมิเนียมฉากขอบใหม่,58.0,2022-11-02
อลูมิเนียมฉากขอบใหม่,58.0,2022-11-03
อลูมิเนียมฉากขอบใหม่,58.0,2022-11-04
อลูมิเนียมฉากขอบใหม่,58.0,2022-11-05
อลูมิเนียมฉากขอบใหม่,58.0,2022-11-06
อลูมิเนียมฉากขอบใหม่,58.0,2022-11-07
อลูมิเนียมฉากขอบใหม่,59.0,2022-11-08
อลูมิเนียมฉากขอบใหม่,59.0,2022-11-09
อลูมิเนียมฉากขอบใหม่,59.0,2022-11-10
อลูมิเนียมฉากขอบใหม่,59.0,2022-11-11
อลูมิเนียมฉากขอบใหม่,59.0,2022-11-12
อลูมิเนียมฉากขอบใหม่,59.0,2022-11-14
อลูมิเนียมฉากขอบใหม่,59.0,2022-11-15
อลูมิเนียมฉากขอบใหม่,59.0,2022-11-16
อลูมิเนียมฉากขอบใหม่,59.0,2022-11-17
อลูมิเนียมฉากขอบใหม่,59.0,2022-11-18
อลูมิเนียมฉากขอบใหม่,59.0,2022-11-19
อลูมิเนียมฉากขอบใหม่,59.0,2022-11-20
อลูมิเนียมฉากขอบใหม่,59.0,2022-11-21
อลูมิเนียมฉากขอบใหม่,59.0,2022-11-23
อลูมิเนียมฉากขอบใหม่,59.0,2022-11-25
อลูมิเนียมฉากขอบใหม่,59.0,2022-11-28
อลูมิเนียมฉากขอบใหม่,59.0,2022-11-29
อลูมิเนียมฉากขอบใหม่,59.0,2022-12-01
อลูมิเนียมฉากขอบใหม่,59.0,2022-12-02
อลูมิเนียมฉากขอบใหม่,59.0,2022-12-07
อลูมิเนียมฉากขอบใหม่,59.0,2022-12-08
อลูมิเนียมฉากขอบใหม่,59.0,2022-12-12
อลูมิเนียมฉากขอบใหม่,59.0,2022-12-13
อลูมิเนียมฉากขอบใหม่,59.0,2022-12-17
อลูมิเนียมฉากขอบใหม่,58.0,2022-12-20
อลูมิเนียมฉากขอบใหม่,58.0,2022-12-22
อลูมิเนียมฉากขอบใหม่,58.0,2022-12-23
อลูมิเนียมฉากขอบใหม่,57.0,2022-12-28
อลูมิเนียมฉากขอบใหม่,57.0,2022-12-30
อลูมิเนียมฉากขอบใหม่,57.0,2023-01-02
อลูมิเนียมฉากขอบใหม่,57.0,2023-01-03
อลูมิเนียมฉากขอบใหม่,57.0,2023-01-05
อลูมิเนียมฉากขอบใหม่,56.0,2023-01-06
อลูมิเนียมฉากขอบใหม่,56.0,2023-01-07
อลูมิเนียมฉากขอบใหม่,55.0,2023-01-09
อลูมิเนียมฉากขอบใหม่,55.0,2023-01-10
อลูมิเนียมฉากขอบใหม่,55.0,2023-01-12
อลูมิเนียมฉากขอบใหม่,55.0,2023-01-13
อลูมิเนียมฉากขอบใหม่,55.0,2023-01-16
อลูมิเนียมฉากขอบใหม่,55.0,2023-01-17
อลูมิเนียมฉากขอบใหม่,55.0,2023-01-18
อลูมิเนียมฉากขอบใหม่,55.0,2023-01-19
อลูมิเนียมฉากขอบใหม่,55.0,2023-01-20
อลูมิเนียมฉากขอบใหม่,55.0,2023-01-21
อลูมิเนียมฉากขอบใหม่,55.0,2023-01-23
อลูมิเนียมฉากขอบใหม่,55.0,2023-01-24
อลูมิเนียมฉากขอบใหม่,55.0,2023-01-25
อลูมิเนียมฉากขอบใหม่,55.0,2023-01-26
อลูมิเนียมฉากขอบใหม่,55.0,2023-01-27
อลูมิเนียมฉากขอบใหม่,55.0,2023-01-28
อลูมิเนียมฉากขอบใหม่,55.0,2023-01-31
อลูมิเนียมฉากขอบใหม่,55.0,2023-02-01
อลูมิเนียมฉากขอบใหม่,55.0,2023-02-02
อลูมิเนียมฉากขอบใหม่,55.0,2023-02-03
อลูมิเนียมฉากขอบใหม่,55.0,2023-02-04
อลูมิเนียมฉากขอบใหม่,55.0,2023-02-05
อลูมิเนียมฉากขอบใหม่,55.0,2023-02-06
อลูมิเนียมฉากขอบใหม่,55.0,2023-02-07
อลูมิเนียมฉากขอบใหม่,55.0,2023-02-08
อลูมิเนียมฉากขอบใหม่,55.0,2023-02-09
อลูมิเนียมฉากขอบใหม่,55.0,2023-02-11
อลูมิเนียมฉากขอบใหม่,55.0,2023-02-12
อลูมิเนียมฉากขอบใหม่,55.0,2023-02-13
อลูมิเนียมฉากขอบใหม่,55.0,2023-02-14
อลูมิเนียมฉากขอบใหม่,55.0,2023-02-16
อลูมิเนียมฉากขอบใหม่,55.0,2023-02-17
อลูมิเนียมฉากขอบใหม่,55.0,2023-02-18
อลูมิเนียมฉากขอบใหม่,57.0,2023-02-21
อลูมิเนียมฉากขอบใหม่,57.0,2023-02-22
อลูมิเนียมฉากขอบใหม่,57.0,2023-02-23
อลูมิเนียมฉากขอบใหม่,57.0,2023-02-24
อลูมิเนียมฉากขอบใหม่,57.0,2023-02-25
อลูมิเนียมฉากขอบใหม่,57.0,2023-02-26
อลูมิเนียมฉากขอบใหม่,57.0,2023-03-01
อลูมิเนียมฉากขอบใหม่,57.0,2023-03-02
อลูมิเนียมฉากขอบใหม่,57.0,2023-03-03
อลูมิเนียมฉากขอบใหม่,57.0,2023-03-04
อลูมิเนียมฉากขอบใหม่,57.0,2023-03-05
อลูมิเนียมฉากขอบใหม่,57.0,2023-03-07
อลูมิเนียมฉากขอบใหม่,57.0,2023-03-08
อลูมิเนียมฉากขอบใหม่,57.0,2023-03-09
อลูมิเนียมฉากขอบใหม่,57.0,2023-03-10
อลูมิเนียมฉากขอบใหม่,57.0,2023-03-11
อลูมิเนียมฉากขอบใหม่,56.0,2023-03-13
อลูมิเนียมฉากขอบใหม่,56.0,2023-03-14
อลูมิเนียมฉากขอบใหม่,56.0,2023-03-15
อลูมิเนียมฉากขอบใหม่,56.0,2023-03-16
อลูมิเนียมฉากขอบใหม่,56.0,2023-03-17
อลูมิเนียมฉากขอบใหม่,56.0,2023-03-18
อลูมิเนียมฉากขอบใหม่,56.0,2023-03-19
อลูมิเนียมฉากขอบใหม่,55.0,2023-03-21
อลูมิเนียมฉากขอบใหม่,55.0,2023-03-23
อลูมิเนียมฉากขอบใหม่,55.0,2023-03-24
อลูมิเนียมฉากขอบใหม่,55.0,2023-03-25
อลูมิเนียมฉากขอบใหม่,55.0,2023-03-26
อลูมิเนียมฉากขอบใหม่,55.0,2023-03-28
อลูมิเนียมฉากขอบใหม่,56.0,2023-03-29
อลูมิเนียมฉากขอบใหม่,56.0,2023-03-30
อลูมิเนียมฉากขอบใหม่,56.0,2023-03-31
อลูมิเนียมฉากขอบใหม่,56.0,2023-04-01
อลูมิเนียมฉากขอบใหม่,56.0,2023-04-03
อลูมิเนียมฉากขอบใหม่,56.0,2023-04-04
อลูมิเนียมฉากขอบใหม่,56.0,2023-04-05
อลูมิเนียมฉากขอบใหม่,56.0,2023-04-06
อลูมิเนียมฉากขอบใหม่,56.0,2023-04-07
อลูมิเนียมฉากขอบใหม่,55.0,2023-04-08
อลูมิเนียมฉากขอบใหม่,55.0,2023-04-09
อลูมิเนียมฉากขอบใหม่,55.0,2023-04-11
อลูมิเนียมฉากขอบใหม่,55.0,2023-04-17
อลูมิเนียมฉากขอบใหม่,55.0,2023-04-20
อลูมิเนียมฉากขอบใหม่,57.0,2023-04-21
อลูมิเนียมฉากขอบใหม่,58.0,2023-04-22
อลูมิเนียมฉากขอบใหม่,58.0,2023-04-24
อลูมิเนียมฉากขอบใหม่,58.0,2023-04-25
อลูมิเนียมฉากขอบใหม่,58.0,2023-04-26
อลูมิเนียมฉากขอบใหม่,58.0,2023-04-27
อลูมิเนียมฉากขอบใหม่,58.0,2023-04-29
อลูมิเนียมฉากขอบใหม่,58.0,2023-04-30
อลูมิเนียมฉากขอบใหม่,58.0,2023-05-02
อลูมิเนียมฉากขอบใหม่,58.0,2023-05-03
อลูมิเนียมฉากขอบใหม่,58.0,2023-05-04
อลูมิเนียมฉากขอบใหม่,58.0,2023-05-05
อลูมิเนียมฉากขอบใหม่,58.0,2023-05-06
อลูมิเนียมฉากขอบใหม่,57.0,2023-05-10
อลูมิเนียมฉากขอบใหม่,57.0,2023-05-11
อลูมิเนียมฉากขอบใหม่,57.0,2023-05-12
อลูมิเนียมฉากขอบใหม่,57.0,2023-05-13
อลูมิเนียมฉากขอบใหม่,57.0,2023-05-16
อลูมิเนียมฉากขอบใหม่,57.0,2023-05-17
อลูมิเนียมฉากขอบใหม่,57.0,2023-05-18
อลูมิเนียมฉากขอบใหม่,57.0,2023-05-22
อลูมิเนียมฉากขอบใหม่,57.0,2023-05-24
อลูมิเนียมฉากขอบใหม่,57.0,2023-05-25
อลูมิเนียมฉากขอบใหม่,57.0,2023-05-27
อลูมิเนียมฉากขอบใหม่,57.0,2023-05-28
อลูมิเนียมฉากขอบใหม่,57.0,2023-05-29
อลูมิเนียมฉากขอบใหม่,57.0,2023-05-30
อลูมิเนียมฉากขอบใหม่,57.0,2023-05-31
อลูมิเนียมฉากขอบใหม่,57.0,2023-06-01
อลูมิเนียมฉากขอบใหม่,57.0,2023-06-03
อลูมิเนียมฉากขอบใหม่,57.0,2023-06-04
อลูมิเนียมฉากขอบใหม่,57.0,2023-06-06
อลูมิเนียมฉากขอบใหม่,57.0,2023-06-07
อลูมิเนียมฉากขอบใหม่,57.0,2023-06-08
อลูมิเนียมฉากขอบใหม่,57.0,2023-06-09
อลูมิเนียมฉากขอบใหม่,57.0,2023-06-11
อลูมิเนียมฉากขอบใหม่,57.0,2023-06-12
อลูมิเนียมฉากขอบใหม่,57.0,2023-06-13
อลูมิเนียมฉากขอบใหม่,58.0,2023-06-14
อลูมิเนียมฉากขอบใหม่,58.0,2023-06-15
อลูมิเนียมฉากขอบใหม่,57.0,2023-06-17
อลูมิเนียมฉากขอบใหม่,57.0,2023-06-19
อลูมิเนียมฉากขอบใหม่,57.0,2023-06-20
อลูมิเนียมฉากขอบใหม่,57.0,2023-06-21
อลูมิเนียมฉากขอบใหม่,57.0,2023-06-22
อลูมิเนียมฉากขอบใหม่,57.0,2023-06-23
อลูมิเนียมฉากขอบใหม่,57.0,2023-06-24
อลูมิเนียมฉากขอบใหม่,57.0,2023-06-25
อลูมิเนียมฉากขอบใหม่,57.0,2023-06-27
อลูมิเนียมฉากขอบใหม่,57.0,2023-06-28
อลูมิเนียมฉากขอบใหม่,57.0,2023-06-29
อลูมิเนียมฉากขอบใหม่,57.0,2023-06-30
อลูมิเนียมฉากขอบใหม่,57.0,2023-07-01
อลูมิเนียมฉากขอบใหม่,57.0,2023-07-03
อลูมิเนียมฉากขอบใหม่,55.0,2023-07-04
อลูมิเนียมฉากขอบใหม่,55.0,2023-07-05
อลูมิเนียมฉากขอบใหม่,55.0,2023-07-06
อลูมิเนียมฉากขอบใหม่,55.0,2023-07-07
อลูมิเนียมฉากขอบใหม่,55.0,2023-07-08
อลูมิเนียมฉากขอบใหม่,55.0,2023-07-10
อลูมิเนียมฉากขอบใหม่,55.0,2023-07-11
อลูมิเนียมฉากขอบใหม่,55.0,2023-07-12
อลูมิเนียมฉากขอบใหม่,55.0,2023-07-13
อลูมิเนียมฉากขอบใหม่,55.0,2023-07-16
อลูมิเนียมฉากขอบใหม่,55.0,2023-07-17
อลูมิเนียมฉากขอบใหม่,55.0,2023-07-18
อลูมิเนียมฉากขอบใหม่,55.0,2023-07-19
อลูมิเนียมฉากขอบใหม่,55.0,2023-07-20
อลูมิเนียมฉากขอบใหม่,55.0,2023-07-21
อลูมิเนียมฉากขอบใหม่,55.0,2023-07-25
อลูมิเนียมฉากขอบใหม่,55.0,2023-07-26
อลูมิเนียมฉากขอบใหม่,55.0,2023-07-27
อลูมิเนียมฉากขอบใหม่,55.0,2023-07-28
อลูมิเนียมฉากขอบใหม่,55.0,2023-07-29
อลูมิเนียมฉากขอบใหม่,55.0,2023-07-31
อลูมิเนียมฉากขอบใหม่,55.0,2023-08-03
อลูมิเนียมฉากขอบใหม่,55.0,2023-08-04
อลูมิเนียมฉากขอบใหม่,55.0,2023-08-05
อลูมิเนียมฉากขอบใหม่,55.0,2023-08-07
อลูมิเนียมฉากขอบใหม่,55.0,2023-08-09
อลูมิเนียมฉากขอบใหม่,55.0,2023-08-10
อลูมิเนียมฉากขอบใหม่,55.0,2023-08-12
อลูมิเนียมฉากขอบใหม่,55.0,2023-08-13
อลูมิเนียมฉากขอบใหม่,55.0,2023-08-16
อลูมิเนียมฉากขอบใหม่,55.0,2023-08-17
อลูมิเนียมฉากขอบใหม่,55.0,2023-08-18
อลูมิเนียมฉากขอบใหม่,55.0,2023-08-19
อลูมิเนียมฉากขอบใหม่,55.0,2023-08-20
อลูมิเนียมฉากขอบใหม่,55.0,2023-08-21
อลูมิเนียมฉากขอบใหม่,57.0,2023-08-23
อลูมิเนียมฉากขอบใหม่,56.0,2023-08-24
อลูมิเนียมฉากขอบใหม่,56.0,2023-08-25
อลูมิเนียมฉากขอบใหม่,56.0,2023-08-26
อลูมิเนียมฉากขอบใหม่,56.0,2023-08-28
อลูมิเนียมฉากขอบใหม่,56.0,2023-08-29
อลูมิเนียมฉากขอบใหม่,56.0,2023-08-30
อลูมิเนียมฉากขอบใหม่,56.0,2023-08-31
อลูมิเนียมฉากขอบใหม่,56.0,2023-09-01
อลูมิเนียมฉากขอบใหม่,56.0,2023-09-02
อลูมิเนียมฉากขอบใหม่,56.0,2023-09-05
อลูมิเนียมฉากขอบใหม่,56.0,2023-09-06
อลูมิเนียมฉากขอบใหม่,56.0,2023-09-07
อลูมิเนียมฉากขอบใหม่,56.0,2023-09-08
อลูมิเนียมฉากขอบใหม่,56.0,2023-09-09
อลูมิเนียมฉากขอบใหม่,56.0,2023-09-12
อลูมิเนียมฉากขอบใหม่,56.0,2023-09-14
อลูมิเนียมฉากขอบใหม่,56.0,2023-09-15
อลูมิเนียมฉากขอบใหม่,56.0,2023-09-16
อลูมิเนียมฉากขอบใหม่,56.0,2023-09-18
อลูมิเนียมฉากขอบใหม่,56.0,2023-09-19
อลูมิเนียมฉากขอบใหม่,56.0,2023-09-20
อลูมิเนียมฉากขอบใหม่,56.0,2023-09-21
อลูมิเนียมฉากขอบใหม่,56.0,2023-09-22
อลูมิเนียมฉากขอบใหม่,56.0,2023-09-23
อลูมิเนียมฉากขอบใหม่,56.0,2023-09-24
อลูมิเนียมฉากขอบใหม่,56.0,2023-09-25
อลูมิเนียมฉากขอบใหม่,56.0,2023-09-26
อลูมิเนียมฉากขอบใหม่,56.0,2023-09-27
อลูมิเนียมฉากขอบใหม่,58.0,2023-09-28
อลูมิเนียมฉากขอบใหม่,58.0,2023-09-30
อลูมิเนียมฉากขอบใหม่,58.0,2023-10-01
อลูมิเนียมฉากขอบใหม่,58.0,2023-10-02
อลูมิเนียมฉากขอบใหม่,58.0,2023-10-03
อลูมิเนียมฉากขอบใหม่,58.0,2023-10-04
อลูมิเนียมฉากขอบใหม่,58.0,2023-10-05
อลูมิเนียมฉากขอบใหม่,58.0,2023-10-07
อลูมิเนียมฉากขอบใหม่,58.0,2023-10-08
อลูมิเนียมฉากขอบใหม่,58.0,2023-10-09
อลูมิเนียมฉากขอบใหม่,58.0,2023-10-10
อลูมิเนียมฉากขอบใหม่,58.0,2023-10-11
อลูมิเนียมฉากขอบใหม่,58.0,2023-10-12
อลูมิเนียมฉากขอบใหม่,58.0,2023-10-13
อลูมิเนียมฉากขอบใหม่,58.0,2023-10-14
อลูมิเนียมฉากขอบใหม่,58.0,2023-10-16
อลูมิเนียมฉากขอบใหม่,58.0,2023-10-17
อลูมิเนียมฉากขอบใหม่,58.0,2023-10-18
อลูมิเนียมฉากขอบใหม่,58.0,2023-10-19
อลูมิเนียมฉากขอบใหม่,58.0,2023-10-20
อลูมิเนียมฉากขอบใหม่,58.0,2023-10-23
อลูมิเนียมฉากขอบใหม่,58.0,2023-10-24
อลูมิเนียมฉากขอบใหม่,58.0,2023-10-25
อลูมิเนียมฉากขอบใหม่,58.0,2023-10-26
อลูมิเนียมฉากขอบใหม่,58.0,2023-10-27
อลูมิเนียมฉากขอบใหม่,58.0,2023-10-28
อลูมิเนียมฉากขอบใหม่,58.0,2023-10-30
อลูมิเนียมฉากขอบใหม่,58.0,2023-10-31
อลูมิเนียมฉากขอบใหม่,58.0,2023-11-01
อลูมิเนียมฉากขอบใหม่,58.0,2023-11-02
อลูมิเนียมฉากขอบใหม่,58.0,2023-11-04
อลูมิเนียมฉากขอบใหม่,58.0,2023-11-06
อลูมิเนียมฉากขอบใหม่,58.0,2023-11-07
อลูมิเนียมฉากขอบใหม่,59.0,2023-11-08
อลูมิเนียมฉากขอบใหม่,59.0,2023-11-09
อลูมิเนียมฉากขอบใหม่,59.0,2023-11-10
อลูมิเนียมฉากขอบใหม่,59.0,2023-11-11
อลูมิเนียมฉากขอบใหม่,59.0,2023-11-13
อลูมิเนียมฉากขอบใหม่,59.0,2023-11-14
อลูมิเนียมฉากขอบใหม่,59.0,2023-11-15
อลูมิเนียมฉากขอบใหม่,59.0,2023-11-16
อลูมิเนียมฉากขอบใหม่,59.0,2023-11-17
อลูมิเนียมฉากขอบใหม่,58.0,2023-11-18
อลูมิเนียมฉากขอบใหม่,58.0,2023-11-20
อลูมิเนียมฉากขอบใหม่,58.0,2023-11-21
อลูมิเนียมฉากขอบใหม่,58.0,2023-11-23
อลูมิเนียมฉากขอบใหม่,58.0,2023-11-24
อลูมิเนียมฉากขอบใหม่,59.0,2023-11-25
อลูมิเนียมฉากขอบใหม่,59.0,2023-11-28
อลูมิเนียมฉากขอบใหม่,59.0,2023-11-29
อลูมิเนียมฉากขอบใหม่,59.0,2023-11-30
อลูมิเนียมฉากขอบใหม่,59.0,2023-12-01
อลูมิเนียมฉากขอบใหม่,59.0,2023-12-04
อลูมิเนียมฉากขอบใหม่,59.0,2023-12-05
อลูมิเนียมฉากขอบใหม่,59.0,2023-12-06
อลูมิเนียมฉากขอบใหม่,59.0,2023-12-07
อลูมิเนียมฉากขอบใหม่,59.0,2023-12-08
อลูมิเนียมฉากขอบใหม่,59.0,2023-12-09
อลูมิเนียมฉากขอบใหม่,59.0,2023-12-10
อลูมิเนียมฉากขอบใหม่,59.0,2023-12-11
อลูมิเนียมฉากขอบใหม่,58.0,2023-12-12
อลูมิเนียมฉากขอบใหม่,58.0,2023-12-13
อลูมิเนียมฉากขอบใหม่,58.0,2023-12-14
อลูมิเนียมฉากขอบใหม่,58.0,2023-12-15
อลูมิเนียมฉากขอบใหม่,58.0,2023-12-16
อลูมิเนียมฉากขอบใหม่,58.0,2023-12-19
อลูมิเนียมฉากขอบใหม่,58.0,2023-12-20
อลูมิเนียมฉากขอบใหม่,58.0,2023-12-23
อลูมิเนียมฉากขอบใหม่,58.0,2023-12-27
อลูมิเนียมฉากขอบใหม่,58.0,2023-12-28
อลูมิเนียมฉากขอบใหม่,58.0,2023-12-29
อลูมิเนียมฉากขอบใหม่,58.0,2024-01-03
อลูมิเนียมฉากขอบใหม่,58.0,2024-01-04
อลูมิเนียมฉากขอบใหม่,58.0,2024-01-05
อลูมิเนียมฉากขอบใหม่,58.0,2024-01-08
อลูมิเนียมฉากขอบใหม่,58.0,2024-01-09
อลูมิเนียมฉากขอบใหม่,59.0,2024-01-10
อลูมิเนียมฉากขอบใหม่,59.0,2024-01-11
อลูมิเนียมฉากขอบใหม่,59.0,2024-01-12
อลูมิเนียมฉากขอบใหม่,59.0,2024-01-13
อลูมิเนียมฉากขอบใหม่,59.0,2024-01-16
อลูมิเนียมฉากขอบใหม่,59.0,2024-01-17
อลูมิเนียมฉากขอบใหม่,59.0,2024-01-18
อลูมิเนียมฉากขอบใหม่,59.0,2024-01-20
อลูมิเนียมฉากขอบใหม่,59.0,2024-01-21
อลูมิเนียมฉากขอบใหม่,59.0,2024-01-23
อลูมิเนียมฉากขอบใหม่,59.0,2024-01-24
อลูมิเนียมฉากขอบใหม่,59.0,2024-01-25
อลูมิเนียมฉากขอบใหม่,59.0,2024-01-26
อลูมิเนียมฉากขอบใหม่,59.0,2024-01-28
อลูมิเนียมฉากขอบใหม่,59.0,2024-01-30
อลูมิเนียมฉากขอบใหม่,59.0,2024-01-31
อลูมิเนียมฉากขอบใหม่,59.0,2024-02-02
อลูมิเนียมฉากขอบใหม่,59.0,2024-02-03
อลูมิเนียมฉากขอบใหม่,59.0,2024-02-06
อลูมิเนียมฉากขอบใหม่,59.0,2024-02-07
อลูมิเนียมฉากขอบใหม่,59.0,2024-02-08
อลูมิเนียมฉากขอบใหม่,59.0,2024-02-09
อลูมิเนียมฉากขอบใหม่,59.0,2024-02-11
อลูมิเนียมฉากขอบใหม่,59.0,2024-02-12
อลูมิเนียมฉากขอบใหม่,58.0,2024-02-13
อลูมิเนียมฉากขอบใหม่,58.0,2024-02-15
อลูมิเนียมฉากขอบใหม่,58.0,2024-02-17
อลูมิเนียมฉากขอบใหม่,58.0,2024-02-19
อลูมิเนียมฉากขอบใหม่,58.0,2024-02-20
อลูมิเนียมฉากขอบใหม่,58.0,2024-02-21
อลูมิเนียมฉากขอบใหม่,58.0,2024-02-22
อลูมิเนียมฉากขอบใหม่,58.0,2024-02-23
อลูมิเนียมฉากขอบใหม่,58.0,2024-02-24
อลูมิเนียมฉากขอบใหม่,58.0,2024-02-26
อลูมิเนียมฉากขอบใหม่,58.0,2024-02-27
อลูมิเนียมฉากขอบใหม่,58.0,2024-02-28
อลูมิเนียมฉากขอบใหม่,58.0,2024-02-29
อลูมิเนียมฉากขอบใหม่,58.0,2024-03-01
อลูมิเนียมฉากขอบใหม่,58.0,2024-03-04
อลูมิเนียมฉากขอบใหม่,58.0,2024-03-05
อลูมิเนียมฉากขอบใหม่,58.0,2024-03-06
อลูมิเนียมฉากขอบใหม่,58.0,2024-03-07
อลูมิเนียมฉากขอบใหม่,58.0,2024-03-08
อลูมิเนียมฉากขอบใหม่,58.0,2024-03-09
อลูมิเนียมฉากขอบใหม่,58.0,2024-03-11
อลูมิเนียมฉากขอบใหม่,58.0,2024-03-12
อลูมิเนียมฉากขอบใหม่,59.0,2024-03-13
อลูมิเนียมฉากขอบใหม่,59.0,2024-03-14
อลูมิเนียมฉากขอบใหม่,59.0,2024-03-15
อลูมิเนียมฉากขอบใหม่,60.0,2024-03-16
อลูมิเนียมฉากขอบใหม่,60.0,2024-03-19
อลูมิเนียมฉากขอบใหม่,60.0,2024-03-22
อลูมิเนียมฉากขอบใหม่,60.0,2024-03-23
