material,price,date
อลูมิเนียมแผ่นเพจ,59.0,01-03-2024
อลูมิเนียมแผ่นเพจ,59.0,01-03-2024
อลูมิเนียมแผ่นเพจ,59.0,01-03-2024
อลูมิเนียมแผ่นเพจ,59.0,01-03-2024
อลูมิเนียมแผ่นเพจ,59.0,01-03-2024
อลูมิเนียมแผ่นเพจ,59.0,01-03-2024
อลูมิเนียมแผ่นเพจ,59.0,09-03-2024
อลูมิเนียมแผ่นเพจ,59.0,08-03-2024
อลูมิเนียมแผ่นเพจ,58.0,07-03-2024
อลูมิเนียมแผ่นเพจ,58.0,06-03-2024
อลูมิเนียมแผ่นเพจ,58.0,05-03-2024
อลูมิเนียมแผ่นเพจ,58.0,04-03-2024
อลูมิเนียมแผ่นเพจ,58.0,01-03-2024
อลูมิเนียมแผ่นเพจ,58.0,02-02-2024
อลูมิเนียมแผ่นเพจ,58.0,02-02-2024
อลูมิเนียมแผ่นเพจ,58.0,02-02-2024
อลูมิเนียมแผ่นเพจ,58.0,02-02-2024
อลูมิเนียมแผ่นเพจ,58.0,02-02-2024
อลูมิเนียมแผ่นเพจ,58.0,02-02-2024
อลูมิเนียมแผ่นเพจ,58.0,02-02-2024
อลูมิเนียมแผ่นเพจ,58.0,02-02-2024
อลูมิเนียมแผ่นเพจ,58.0,02-02-2024
อลูมิเนียมแผ่นเพจ,58.0,01-02-2024
อลูมิเนียมแผ่นเพจ,58.0,01-02-2024
อลูมิเนียมแผ่นเพจ,58.0,01-02-2024
อลูมิเนียมแผ่นเพจ,58.0,01-02-2024
อลูมิเนียมแผ่นเพจ,58.0,01-02-2024
อลูมิเนียมแผ่นเพจ,58.0,01-02-2024
อลูมิเนียมแผ่นเพจ,58.0,09-02-2024
อลูมิเนียมแผ่นเพจ,58.0,08-02-2024
อลูมิเนียมแผ่นเพจ,58.0,07-02-2024
อลูมิเนียมแผ่นเพจ,58.0,06-02-2024
อลูมิเนียมแผ่นเพจ,58.0,03-02-2024
อลูมิเนียมแผ่นเพจ,58.0,02-02-2024
อลูมิเนียมแผ่นเพจ,58.0,03-01-2024
อลูมิเนียมแผ่นเพจ,58.0,03-01-2024
อลูมิเนียมแผ่นเพจ,58.0,02-01-2024
อลูมิเนียมแผ่นเพจ,58.0,02-01-2024
อลูมิเนียมแผ่นเพจ,58.0,02-01-2024
อลูมิเนียมแผ่นเพจ,58.0,02-01-2024
อลูมิเนียมแผ่นเพจ,58.0,02-01-2024
อลูมิเนียมแผ่นเพจ,58.0,02-01-2024
อลูมิเนียมแผ่นเพจ,58.0,02-01-2024
อลูมิเนียมแผ่นเพจ,58.0,01-01-2024
อลูมิเนียมแผ่นเพจ,58.0,01-01-2024
อลูมิเนียมแผ่นเพจ,58.0,01-01-2024
อลูมิเนียมแผ่นเพจ,58.0,01-01-2024
อลูมิเนียมแผ่นเพจ,58.0,01-01-2024
อลูมิเนียมแผ่นเพจ,58.0,01-01-2024
อลูมิเนียมแผ่นเพจ,58.0,01-01-2024
อลูมิเนียมแผ่นเพจ,57.0,09-01-2024
อลูมิเนียมแผ่นเพจ,57.0,08-01-2024
อลูมิเนียมแผ่นเพจ,57.0,05-01-2024
อลูมิเนียมแผ่นเพจ,57.0,04-01-2024
อลูมิเนียมแผ่นเพจ,57.0,03-01-2024
อลูมิเนียมแผ่นเพจ,57.0,02-12-2023
อลูมิเนียมแผ่นเพจ,57.0,02-12-2023
อลูมิเนียมแผ่นเพจ,57.0,02-12-2023
อลูมิเนียมแผ่นเพจ,57.0,02-12-2023
อลูมิเนียมแผ่นเพจ,57.0,02-12-2023
อลูมิเนียมแผ่นเพจ,57.0,01-12-2023
อลูมิเนียมแผ่นเพจ,57.0,01-12-2023
อลูมิเนียมแผ่นเพจ,57.0,01-12-2023
อลูมิเนียมแผ่นเพจ,57.0,01-12-2023
อลูมิเนียมแผ่นเพจ,57.0,01-12-2023
อลูมิเนียมแผ่นเพจ,57.0,01-12-2023
อลูมิเนียมแผ่นเพจ,59.0,01-12-2023
อลูมิเนียมแผ่นเพจ,59.0,01-12-2023
อลูมิเนียมแผ่นเพจ,59.0,09-12-2023
อลูมิเนียมแผ่นเพจ,59.0,08-12-2023
อลูมิเนียมแผ่นเพจ,59.0,07-12-2023
อลูมิเนียมแผ่นเพจ,59.0,06-12-2023
อลูมิเนียมแผ่นเพจ,59.0,05-12-2023
อลูมิเนียมแผ่นเพจ,59.0,04-12-2023
อลูมิเนียมแผ่นเพจ,59.0,01-12-2023
อลูมิเนียมแผ่นเพจ,59.0,03-01-2023
อลูมิเนียมแผ่นเพจ,59.0,02-01-2023
อลูมิเนียมแผ่นเพจ,59.0,02-01-2023
อลูมิเนียมแผ่นเพจ,59.0,02-01-2023
อลูมิเนียมแผ่นเพจ,58.0,02-01-2023
อลูมิเนียมแผ่นเพจ,58.0,02-01-2023
อลูมิเนียมแผ่นเพจ,58.0,02-01-2023
อลูมิเนียมแผ่นเพจ,58.0,02-01-2023
อลูมิเนียมแผ่นเพจ,58.0,01-01-2023
อลูมิเนียมแผ่นเพจ,59.0,01-01-2023
อลูมิเนียมแผ่นเพจ,59.0,01-01-2023
อลูมิเนียมแผ่นเพจ,59.0,01-01-2023
อลูมิเนียมแผ่นเพจ,59.0,01-01-2023
อลูมิเนียมแผ่นเพจ,59.0,01-01-2023
อลูมิเนียมแผ่นเพจ,59.0,01-01-2023
อลูมิเนียมแผ่นเพจ,59.0,01-01-2023
อลูมิเนียมแผ่นเพจ,59.0,09-01-2023
อลูมิเนียมแผ่นเพจ,59.0,08-01-2023
อลูมิเนียมแผ่นเพจ,59.0,07-01-2023
อลูมิเนียมแผ่นเพจ,59.0,06-01-2023
อลูมิเนียมแผ่นเพจ,59.0,04-01-2023
อลูมิเนียมแผ่นเพจ,59.0,02-01-2023
อลูมิเนียมแผ่นเพจ,59.0,01-01-2023
อลูมิเนียมแผ่นเพจ,59.0,03-10-2023
อลูมิเนียมแผ่นเพจ,59.0,03-10-2023
อลูมิเนียมแผ่นเพจ,59.0,02-10-2023
อลูมิเนียมแผ่นเพจ,59.0,02-10-2023
อลูมิเนียมแผ่นเพจ,59.0,02-10-2023
อลูมิเนียมแผ่นเพจ,59.0,02-10-2023
อลูมิเนียมแผ่นเพจ,59.0,02-10-2023
อลูมิเนียมแผ่นเพจ,59.0,02-10-2023
อลูมิเนียมแผ่นเพจ,59.0,02-10-2023
อลูมิเนียมแผ่นเพจ,59.0,01-10-2023
อลูมิเนียมแผ่นเพจ,59.0,01-10-2023
อลูมิเนียมแผ่นเพจ,59.0,01-10-2023
อลูมิเนียมแผ่นเพจ,59.0,01-10-2023
อลูมิเนียมแผ่นเพจ,59.0,01-10-2023
อลูมิเนียมแผ่นเพจ,59.0,01-10-2023
อลูมิเนียมแผ่นเพจ,59.0,01-10-2023
อลูมิเนียมแผ่นเพจ,59.0,01-10-2023
อลูมิเนียมแผ่นเพจ,59.0,01-10-2023
อลูมิเนียมแผ่นเพจ,59.0,09-10-2023
อลูมิเนียมแผ่นเพจ,59.0,08-10-2023
อลูมิเนียมแผ่นเพจ,59.0,07-10-2023
อลูมิเนียมแผ่นเพจ,59.0,05-10-2023
อลูมิเนียมแผ่นเพจ,59.0,04-10-2023
อลูมิเนียมแผ่นเพจ,59.0,03-10-2023
อลูมิเนียมแผ่นเพจ,59.0,02-10-2023
อลูมิเนียมแผ่นเพจ,59.0,01-10-2023
อลูมิเนียมแผ่นเพจ,59.0,03-09-2023
อลูมิเนียมแผ่นเพจ,59.0,02-09-2023
อลูมิเนียมแผ่นเพจ,59.0,02-09-2023
อลูมิเนียมแผ่นเพจ,59.0,02-09-2023
อลูมิเนียมแผ่นเพจ,59.0,02-09-2023
อลูมิเนียมแผ่นเพจ,59.0,02-09-2023
อลูมิเนียมแผ่นเพจ,59.0,02-09-2023
อลูมิเนียมแผ่นเพจ,59.0,02-09-2023
อลูมิเนียมแผ่นเพจ,59.0,02-09-2023
อลูมิเนียมแผ่นเพจ,59.0,02-09-2023
อลูมิเนียมแผ่นเพจ,59.0,01-09-2023
อลูมิเนียมแผ่นเพจ,59.0,01-09-2023
อลูมิเนียมแผ่นเพจ,59.0,01-09-2023
อลูมิเนียมแผ่นเพจ,59.0,01-09-2023
อลูมิเนียมแผ่นเพจ,59.0,01-09-2023
อลูมิเนียมแผ่นเพจ,59.0,01-09-2023
อลูมิเนียมแผ่นเพจ,59.0,09-09-2023
อลูมิเนียมแผ่นเพจ,59.0,08-09-2023
อลูมิเนียมแผ่นเพจ,59.0,07-09-2023
อลูมิเนียมแผ่นเพจ,59.0,06-09-2023
อลูมิเนียมแผ่นเพจ,59.0,05-09-2023
อลูมิเนียมแผ่นเพจ,59.0,02-09-2023
อลูมิเนียมแผ่นเพจ,59.0,01-09-2023
อลูมิเนียมแผ่นเพจ,59.0,03-08-2023
อลูมิเนียมแผ่นเพจ,58.0,03-08-2023
อลูมิเนียมแผ่นเพจ,58.0,02-08-2023
อลูมิเนียมแผ่นเพจ,58.0,02-08-2023
อลูมิเนียมแผ่นเพจ,58.0,02-08-2023
อลูมิเนียมแผ่นเพจ,58.0,02-08-2023
อลูมิเนียมแผ่นเพจ,58.0,02-08-2023
อลูมิเนียมแผ่นเพจ,58.0,02-08-2023
อลูมิเนียมแผ่นเพจ,58.0,02-08-2023
อลูมิเนียมแผ่นเพจ,58.0,02-08-2023
อลูมิเนียมแผ่นเพจ,58.0,01-08-2023
อลูมิเนียมแผ่นเพจ,58.0,01-08-2023
อลูมิเนียมแผ่นเพจ,58.0,01-08-2023
อลูมิเนียมแผ่นเพจ,58.0,01-08-2023
อลูมิเนียมแผ่นเพจ,58.0,01-08-2023
อลูมิเนียมแผ่นเพจ,58.0,01-08-2023
อลูมิเนียมแผ่นเพจ,58.0,01-08-2023
อลูมิเนียมแผ่นเพจ,58.0,09-08-2023
อลูมิเนียมแผ่นเพจ,58.0,07-08-2023
อลูมิเนียมแผ่นเพจ,58.0,05-08-2023
อลูมิเนียมแผ่นเพจ,58.0,04-08-2023
อลูมิเนียมแผ่นเพจ,58.0,03-08-2023
อลูมิเนียมแผ่นเพจ,58.0,03-07-2023
อลูมิเนียมแผ่นเพจ,58.0,02-07-2023
อลูมิเนียมแผ่นเพจ,58.0,02-07-2023
อลูมิเนียมแผ่นเพจ,58.0,02-07-2023
อลูมิเนียมแผ่นเพจ,58.0,02-07-2023
อลูมิเนียมแผ่นเพจ,58.0,02-07-2023
อลูมิเนียมแผ่นเพจ,58.0,02-07-2023
อลูมิเนียมแผ่นเพจ,58.0,02-07-2023
อลูมิเนียมแผ่นเพจ,58.0,01-07-2023
อลูมิเนียมแผ่นเพจ,58.0,01-07-2023
อลูมิเนียมแผ่นเพจ,58.0,01-07-2023
อลูมิเนียมแผ่นเพจ,58.0,01-07-2023
อลูมิเนียมแผ่นเพจ,58.0,01-07-2023
อลูมิเนียมแผ่นเพจ,58.0,01-07-2023
อลูมิเนียมแผ่นเพจ,58.0,01-07-2023
อลูมิเนียมแผ่นเพจ,58.0,01-07-2023
อลูมิเนียมแผ่นเพจ,58.0,08-07-2023
อลูมิเนียมแผ่นเพจ,58.0,07-07-2023
อลูมิเนียมแผ่นเพจ,58.0,06-07-2023
อลูมิเนียมแผ่นเพจ,58.0,05-07-2023
อลูมิเนียมแผ่นเพจ,58.0,04-07-2023
อลูมิเนียมแผ่นเพจ,58.0,03-07-2023
อลูมิเนียมแผ่นเพจ,58.0,01-07-2023
อลูมิเนียมแผ่นเพจ,58.0,03-06-2023
อลูมิเนียมแผ่นเพจ,58.0,02-06-2023
อลูมิเนียมแผ่นเพจ,58.0,02-06-2023
อลูมิเนียมแผ่นเพจ,58.0,02-06-2023
อลูมิเนียมแผ่นเพจ,58.0,02-06-2023
อลูมิเนียมแผ่นเพจ,58.0,02-06-2023
อลูมิเนียมแผ่นเพจ,58.0,02-06-2023
อลูมิเนียมแผ่นเพจ,58.0,02-06-2023
อลูมิเนียมแผ่นเพจ,58.0,02-06-2023
อลูมิเนียมแผ่นเพจ,58.0,02-06-2023
อลูมิเนียมแผ่นเพจ,58.0,01-06-2023
อลูมิเนียมแผ่นเพจ,58.0,01-06-2023
อลูมิเนียมแผ่นเพจ,58.0,01-06-2023
อลูมิเนียมแผ่นเพจ,58.0,01-06-2023
อลูมิเนียมแผ่นเพจ,58.0,01-06-2023
อลูมิเนียมแผ่นเพจ,58.0,01-06-2023
อลูมิเนียมแผ่นเพจ,58.0,01-06-2023
อลูมิเนียมแผ่นเพจ,58.0,09-06-2023
อลูมิเนียมแผ่นเพจ,58.0,08-06-2023
อลูมิเนียมแผ่นเพจ,58.0,07-06-2023
อลูมิเนียมแผ่นเพจ,58.0,06-06-2023
อลูมิเนียมแผ่นเพจ,58.0,04-06-2023
อลูมิเนียมแผ่นเพจ,58.0,03-06-2023
อลูมิเนียมแผ่นเพจ,58.0,01-06-2023
อลูมิเนียมแผ่นเพจ,58.0,03-05-2023
อลูมิเนียมแผ่นเพจ,58.0,03-05-2023
อลูมิเนียมแผ่นเพจ,58.0,02-05-2023
อลูมิเนียมแผ่นเพจ,58.0,02-05-2023
อลูมิเนียมแผ่นเพจ,58.0,02-05-2023
อลูมิเนียมแผ่นเพจ,58.0,02-05-2023
อลูมิเนียมแผ่นเพจ,58.0,02-05-2023
อลูมิเนียมแผ่นเพจ,58.0,02-05-2023
อลูมิเนียมแผ่นเพจ,58.0,01-05-2023
อลูมิเนียมแผ่นเพจ,58.0,01-05-2023
อลูมิเนียมแผ่นเพจ,58.0,01-05-2023
อลูมิเนียมแผ่นเพจ,58.0,01-05-2023
อลูมิเนียมแผ่นเพจ,58.0,01-05-2023
อลูมิเนียมแผ่นเพจ,58.0,01-05-2023
อลูมิเนียมแผ่นเพจ,58.0,01-05-2023
อลูมิเนียมแผ่นเพจ,58.0,06-05-2023
อลูมิเนียมแผ่นเพจ,58.0,05-05-2023
อลูมิเนียมแผ่นเพจ,58.0,04-05-2023
อลูมิเนียมแผ่นเพจ,58.0,03-05-2023
อลูมิเนียมแผ่นเพจ,58.0,02-05-2023
อลูมิเนียมแผ่นเพจ,58.0,03-04-2023
อลูมิเนียมแผ่นเพจ,58.0,02-04-2023
อลูมิเนียมแผ่นเพจ,58.0,02-04-2023
อลูมิเนียมแผ่นเพจ,58.0,02-04-2023
อลูมิเนียมแผ่นเพจ,58.0,02-04-2023
อลูมิเนียมแผ่นเพจ,58.0,02-04-2023
อลูมิเนียมแผ่นเพจ,58.0,02-04-2023
อลูมิเนียมแผ่นเพจ,58.0,02-04-2023
อลูมิเนียมแผ่นเพจ,57.0,02-04-2023
อลูมิเนียมแผ่นเพจ,57.0,01-04-2023
อลูมิเนียมแผ่นเพจ,57.0,01-04-2023
อลูมิเนียมแผ่นเพจ,57.0,09-04-2023
อลูมิเนียมแผ่นเพจ,57.0,08-04-2023
อลูมิเนียมแผ่นเพจ,57.0,07-04-2023
อลูมิเนียมแผ่นเพจ,57.0,06-04-2023
อลูมิเนียมแผ่นเพจ,57.0,05-04-2023
อลูมิเนียมแผ่นเพจ,57.0,04-04-2023
อลูมิเนียมแผ่นเพจ,57.0,03-04-2023
อลูมิเนียมแผ่นเพจ,57.0,01-04-2023
อลูมิเนียมแผ่นเพจ,57.0,03-03-2023
อลูมิเนียมแผ่นเพจ,57.0,03-03-2023
อลูมิเนียมแผ่นเพจ,57.0,02-03-2023
อลูมิเนียมแผ่นเพจ,57.0,02-03-2023
อลูมิเนียมแผ่นเพจ,57.0,02-03-2023
อลูมิเนียมแผ่นเพจ,57.0,02-03-2023
อลูมิเนียมแผ่นเพจ,57.0,02-03-2023
อลูมิเนียมแผ่นเพจ,57.0,02-03-2023
อลูมิเนียมแผ่นเพจ,57.0,02-03-2023
อลูมิเนียมแผ่นเพจ,57.0,01-03-2023
อลูมิเนียมแผ่นเพจ,57.0,01-03-2023
อลูมิเนียมแผ่นเพจ,57.0,01-03-2023
อลูมิเนียมแผ่นเพจ,57.0,01-03-2023
อลูมิเนียมแผ่นเพจ,57.0,01-03-2023
อลูมิเนียมแผ่นเพจ,57.0,01-03-2023
อลูมิเนียมแผ่นเพจ,57.0,01-03-2023
อลูมิเนียมแผ่นเพจ,58.0,01-03-2023
อลูมิเนียมแผ่นเพจ,58.0,01-03-2023
อลูมิเนียมแผ่นเพจ,58.0,09-03-2023
อลูมิเนียมแผ่นเพจ,58.0,08-03-2023
อลูมิเนียมแผ่นเพจ,58.0,07-03-2023
อลูมิเนียมแผ่นเพจ,58.0,05-03-2023
อลูมิเนียมแผ่นเพจ,58.0,04-03-2023
อลูมิเนียมแผ่นเพจ,58.0,03-03-2023
อลูมิเนียมแผ่นเพจ,58.0,02-03-2023
อลูมิเนียมแผ่นเพจ,58.0,01-03-2023
อลูมิเนียมแผ่นเพจ,58.0,02-02-2023
อลูมิเนียมแผ่นเพจ,58.0,02-02-2023
อลูมิเนียมแผ่นเพจ,58.0,02-02-2023
อลูมิเนียมแผ่นเพจ,58.0,02-02-2023
อลูมิเนียมแผ่นเพจ,58.0,02-02-2023
อลูมิเนียมแผ่นเพจ,58.0,02-02-2023
อลูมิเนียมแผ่นเพจ,58.0,01-02-2023
อลูมิเนียมแผ่นเพจ,58.0,01-02-2023
อลูมิเนียมแผ่นเพจ,58.0,01-02-2023
อลูมิเนียมแผ่นเพจ,58.0,01-02-2023
อลูมิเนียมแผ่นเพจ,58.0,01-02-2023
อลูมิเนียมแผ่นเพจ,58.0,01-02-2023
อลูมิเนียมแผ่นเพจ,58.0,01-02-2023
อลูมิเนียมแผ่นเพจ,58.0,09-02-2023
อลูมิเนียมแผ่นเพจ,58.0,08-02-2023
อลูมิเนียมแผ่นเพจ,58.0,07-02-2023
อลูมิเนียมแผ่นเพจ,58.0,06-02-2023
อลูมิเนียมแผ่นเพจ,58.0,05-02-2023
อลูมิเนียมแผ่นเพจ,58.0,04-02-2023
อลูมิเนียมแผ่นเพจ,58.0,03-02-2023
อลูมิเนียมแผ่นเพจ,58.0,02-02-2023
อลูมิเนียมแผ่นเพจ,58.0,01-02-2023
อลูมิเนียมแผ่นเพจ,58.0,03-01-2023
อลูมิเนียมแผ่นเพจ,58.0,02-01-2023
อลูมิเนียมแผ่นเพจ,58.0,02-01-2023
อลูมิเนียมแผ่นเพจ,58.0,02-01-2023
อลูมิเนียมแผ่นเพจ,58.0,02-01-2023
อลูมิเนียมแผ่นเพจ,58.0,02-01-2023
อลูมิเนียมแผ่นเพจ,58.0,02-01-2023
อลูมิเนียมแผ่นเพจ,58.0,02-01-2023
อลูมิเนียมแผ่นเพจ,58.0,02-01-2023
อลูมิเนียมแผ่นเพจ,58.0,01-01-2023
อลูมิเนียมแผ่นเพจ,58.0,01-01-2023
อลูมิเนียมแผ่นเพจ,58.0,01-01-2023
อลูมิเนียมแผ่นเพจ,58.0,01-01-2023
อลูมิเนียมแผ่นเพจ,58.0,01-01-2023
อลูมิเนียมแผ่นเพจ,58.0,01-01-2023
อลูมิเนียมแผ่นเพจ,58.0,01-01-2023
อลูมิเนียมแผ่นเพจ,58.0,09-01-2023
อลูมิเนียมแผ่นเพจ,59.0,07-01-2023
อลูมิเนียมแผ่นเพจ,59.0,06-01-2023
อลูมิเนียมแผ่นเพจ,61.0,05-01-2023
อลูมิเนียมแผ่นเพจ,61.0,03-01-2023
อลูมิเนียมแผ่นเพจ,61.0,02-01-2023
อลูมิเนียมแผ่นเพจ,61.0,03-12-2022
อลูมิเนียมแผ่นเพจ,61.0,02-12-2022
อลูมิเนียมแผ่นเพจ,62.0,02-12-2022
อลูมิเนียมแผ่นเพจ,62.0,02-12-2022
อลูมิเนียมแผ่นเพจ,65.0,02-12-2022
อลูมิเนียมแผ่นเพจ,65.0,01-12-2022
อลูมิเนียมแผ่นเพจ,65.0,01-12-2022
อลูมิเนียมแผ่นเพจ,65.0,01-12-2022
อลูมิเนียมแผ่นเพจ,65.0,08-12-2022
อลูมิเนียมแผ่นเพจ,65.0,07-12-2022
อลูมิเนียมแผ่นเพจ,65.0,02-12-2022
อลูมิเนียมแผ่นเพจ,65.0,01-12-2022
อลูมิเนียมแผ่นเพจ,65.0,02-01-2022
อลูมิเนียมแผ่นเพจ,65.0,02-01-2022
อลูมิเนียมแผ่นเพจ,65.0,02-01-2022
อลูมิเนียมแผ่นเพจ,65.0,02-01-2022
อลูมิเนียมแผ่นเพจ,65.0,02-01-2022
อลูมิเนียมแผ่นเพจ,65.0,02-01-2022
อลูมิเนียมแผ่นเพจ,65.0,01-01-2022
อลูมิเนียมแผ่นเพจ,65.0,01-01-2022
อลูมิเนียมแผ่นเพจ,65.0,01-01-2022
อลูมิเนียมแผ่นเพจ,65.0,01-01-2022
อลูมิเนียมแผ่นเพจ,65.0,01-01-2022
อลูมิเนียมแผ่นเพจ,65.0,01-01-2022
อลูมิเนียมแผ่นเพจ,65.0,01-01-2022
อลูมิเนียมแผ่นเพจ,65.0,01-01-2022
อลูมิเนียมแผ่นเพจ,64.0,01-01-2022
อลูมิเนียมแผ่นเพจ,64.0,09-01-2022
อลูมิเนียมแผ่นเพจ,64.0,08-01-2022
อลูมิเนียมแผ่นเพจ,63.0,07-01-2022
อลูมิเนียมแผ่นเพจ,63.0,06-01-2022
อลูมิเนียมแผ่นเพจ,63.0,05-01-2022
อลูมิเนียมแผ่นเพจ,63.0,04-01-2022
อลูมิเนียมแผ่นเพจ,63.0,03-01-2022
อลูมิเนียมแผ่นเพจ,63.0,02-01-2022
อลูมิเนียมแผ่นเพจ,63.0,01-01-2022
อลูมิเนียมแผ่นเพจ,63.0,03-10-2022
อลูมิเนียมแผ่นเพจ,63.0,03-10-2022
อลูมิเนียมแผ่นเพจ,63.0,02-10-2022
อลูมิเนียมแผ่นเพจ,63.0,02-10-2022
อลูมิเนียมแผ่นเพจ,63.0,02-10-2022
อลูมิเนียมแผ่นเพจ,63.0,02-10-2022
อลูมิเนียมแผ่นเพจ,63.0,02-10-2022
อลูมิเนียมแผ่นเพจ,63.0,02-10-2022
อลูมิเนียมแผ่นเพจ,63.0,02-10-2022
อลูมิเนียมแผ่นเพจ,63.0,02-10-2022
อลูมิเนียมแผ่นเพจ,63.0,01-10-2022
อลูมิเนียมแผ่นเพจ,63.0,01-10-2022
อลูมิเนียมแผ่นเพจ,63.0,01-10-2022
อลูมิเนียมแผ่นเพจ,63.0,01-10-2022
อลูมิเนียมแผ่นเพจ,63.0,01-10-2022
อลูมิเนียมแผ่นเพจ,63.0,01-10-2022
อลูมิเนียมแผ่นเพจ,63.0,01-10-2022
อลูมิเนียมแผ่นเพจ,63.0,01-10-2022
อลูมิเนียมแผ่นเพจ,63.0,01-10-2022
อลูมิเนียมแผ่นเพจ,63.0,08-10-2022
อลูมิเนียมแผ่นเพจ,63.0,07-10-2022
อลูมิเนียมแผ่นเพจ,63.0,06-10-2022
อลูมิเนียมแผ่นเพจ,63.0,04-10-2022
อลูมิเนียมแผ่นเพจ,63.0,03-10-2022
อลูมิเนียมแผ่นเพจ,63.0,01-10-2022
อลูมิเนียมแผ่นเพจ,63.0,03-09-2022
อลูมิเนียมแผ่นเพจ,63.0,02-09-2022
อลูมิเนียมแผ่นเพจ,65.0,02-09-2022
อลูมิเนียมแผ่นเพจ,65.0,02-09-2022
อลูมิเนียมแผ่นเพจ,65.0,02-09-2022
อลูมิเนียมแผ่นเพจ,65.0,02-09-2022
อลูมิเนียมแผ่นเพจ,65.0,02-09-2022
อลูมิเนียมแผ่นเพจ,65.0,02-09-2022
อลูมิเนียมแผ่นเพจ,65.0,02-09-2022
อลูมิเนียมแผ่นเพจ,65.0,01-09-2022
อลูมิเนียมแผ่นเพจ,65.0,01-09-2022
อลูมิเนียมแผ่นเพจ,65.0,01-09-2022
อลูมิเนียมแผ่นเพจ,65.0,01-09-2022
อลูมิเนียมแผ่นเพจ,64.0,01-09-2022
อลูมิเนียมแผ่นเพจ,64.0,01-09-2022
อลูมิเนียมแผ่นเพจ,64.0,01-09-2022
อลูมิเนียมแผ่นเพจ,64.0,09-09-2022
อลูมิเนียมแผ่นเพจ,64.0,08-09-2022
อลูมิเนียมแผ่นเพจ,65.0,06-09-2022
อลูมิเนียมแผ่นเพจ,65.0,05-09-2022
อลูมิเนียมแผ่นเพจ,65.0,04-09-2022
อลูมิเนียมแผ่นเพจ,65.0,03-09-2022
อลูมิเนียมแผ่นเพจ,65.0,02-09-2022
อลูมิเนียมแผ่นเพจ,65.0,01-09-2022
อลูมิเนียมแผ่นเพจ,66.0,03-08-2022
อลูมิเนียมแผ่นเพจ,66.0,03-08-2022
อลูมิเนียมแผ่นเพจ,66.0,02-08-2022
อลูมิเนียมแผ่นเพจ,66.0,02-08-2022
อลูมิเนียมแผ่นเพจ,63.0,02-08-2022
อลูมิเนียมแผ่นเพจ,63.0,02-08-2022
อลูมิเนียมแผ่นเพจ,63.0,02-08-2022
อลูมิเนียมแผ่นเพจ,63.0,02-08-2022
อลูมิเนียมแผ่นเพจ,63.0,02-08-2022
อลูมิเนียมแผ่นเพจ,63.0,02-08-2022
อลูมิเนียมแผ่นเพจ,63.0,01-08-2022
อลูมิเนียมแผ่นเพจ,63.0,01-08-2022
อลูมิเนียมแผ่นเพจ,63.0,01-08-2022
อลูมิเนียมแผ่นเพจ,63.0,01-08-2022
อลูมิเนียมแผ่นเพจ,63.0,01-08-2022
อลูมิเนียมแผ่นเพจ,63.0,01-08-2022
อลูมิเนียมแผ่นเพจ,63.0,01-08-2022
อลูมิเนียมแผ่นเพจ,62.0,01-08-2022
อลูมิเนียมแผ่นเพจ,62.0,01-08-2022
อลูมิเนียมแผ่นเพจ,62.0,09-08-2022
อลูมิเนียมแผ่นเพจ,61.0,08-08-2022
อลูมิเนียมแผ่นเพจ,61.0,06-08-2022
อลูมิเนียมแผ่นเพจ,61.0,05-08-2022
อลูมิเนียมแผ่นเพจ,61.0,04-08-2022
อลูมิเนียมแผ่นเพจ,61.0,03-08-2022
อลูมิเนียมแผ่นเพจ,61.0,02-08-2022
อลูมิเนียมแผ่นเพจ,61.0,01-08-2022
อลูมิเนียมแผ่นเพจ,61.0,03-07-2022
อลูมิเนียมแผ่นเพจ,61.0,03-07-2022
อลูมิเนียมแผ่นเพจ,61.0,02-07-2022
อลูมิเนียมแผ่นเพจ,61.0,02-07-2022
อลูมิเนียมแผ่นเพจ,61.0,02-07-2022
อลูมิเนียมแผ่นเพจ,61.0,02-07-2022
อลูมิเนียมแผ่นเพจ,61.0,02-07-2022
อลูมิเนียมแผ่นเพจ,61.0,02-07-2022
อลูมิเนียมแผ่นเพจ,61.0,02-07-2022
อลูมิเนียมแผ่นเพจ,61.0,02-07-2022
อลูมิเนียมแผ่นเพจ,61.0,01-07-2022
อลูมิเนียมแผ่นเพจ,61.0,01-07-2022
อลูมิเนียมแผ่นเพจ,61.0,01-07-2022
อลูมิเนียมแผ่นเพจ,61.0,01-07-2022
อลูมิเนียมแผ่นเพจ,61.0,01-07-2022
อลูมิเนียมแผ่นเพจ,61.0,01-07-2022
อลูมิเนียมแผ่นเพจ,63.0,01-07-2022
อลูมิเนียมแผ่นเพจ,63.0,09-07-2022
อลูมิเนียมแผ่นเพจ,63.0,08-07-2022
อลูมิเนียมแผ่นเพจ,63.0,07-07-2022
อลูมิเนียมแผ่นเพจ,64.0,06-07-2022
อลูมิเนียมแผ่นเพจ,64.0,05-07-2022
อลูมิเนียมแผ่นเพจ,64.0,04-07-2022
อลูมิเนียมแผ่นเพจ,64.0,03-07-2022
อลูมิเนียมแผ่นเพจ,64.0,02-07-2022
อลูมิเนียมแผ่นเพจ,64.0,01-07-2022
อลูมิเนียมแผ่นเพจ,66.0,03-06-2022
อลูมิเนียมแผ่นเพจ,66.0,02-06-2022
อลูมิเนียมแผ่นเพจ,66.0,02-06-2022
อลูมิเนียมแผ่นเพจ,66.0,02-06-2022
อลูมิเนียมแผ่นเพจ,66.0,02-06-2022
อลูมิเนียมแผ่นเพจ,66.0,02-06-2022
อลูมิเนียมแผ่นเพจ,66.0,02-06-2022
อลูมิเนียมแผ่นเพจ,66.0,02-06-2022
อลูมิเนียมแผ่นเพจ,66.0,02-06-2022
อลูมิเนียมแผ่นเพจ,67.0,02-06-2022
อลูมิเนียมแผ่นเพจ,67.0,01-06-2022
อลูมิเนียมแผ่นเพจ,71.0,01-06-2022
อลูมิเนียมแผ่นเพจ,71.0,01-06-2022
อลูมิเนียมแผ่นเพจ,71.0,01-06-2022
อลูมิเนียมแผ่นเพจ,71.0,01-06-2022
อลูมิเนียมแผ่นเพจ,73.0,01-06-2022
อลูมิเนียมแผ่นเพจ,73.0,01-06-2022
อลูมิเนียมแผ่นเพจ,73.0,09-06-2022
อลูมิเนียมแผ่นเพจ,73.0,08-06-2022
อลูมิเนียมแผ่นเพจ,73.0,07-06-2022
อลูมิเนียมแผ่นเพจ,73.0,06-06-2022
อลูมิเนียมแผ่นเพจ,73.0,03-06-2022
อลูมิเนียมแผ่นเพจ,73.0,02-06-2022
อลูมิเนียมแผ่นเพจ,74.0,01-06-2022
อลูมิเนียมแผ่นเพจ,74.0,03-05-2022
อลูมิเนียมแผ่นเพจ,74.0,03-05-2022
อลูมิเนียมแผ่นเพจ,74.0,02-05-2022
อลูมิเนียมแผ่นเพจ,74.0,02-05-2022
อลูมิเนียมแผ่นเพจ,74.0,02-05-2022
อลูมิเนียมแผ่นเพจ,74.0,02-05-2022
อลูมิเนียมแผ่นเพจ,74.0,02-05-2022
อลูมิเนียมแผ่นเพจ,73.0,02-05-2022
อลูมิเนียมแผ่นเพจ,73.0,02-05-2022
อลูมิเนียมแผ่นเพจ,73.0,02-05-2022
อลูมิเนียมแผ่นเพจ,73.0,02-05-2022
อลูมิเนียมแผ่นเพจ,73.0,02-05-2022
อลูมิเนียมแผ่นเพจ,73.0,01-05-2022
อลูมิเนียมแผ่นเพจ,73.0,01-05-2022
อลูมิเนียมแผ่นเพจ,73.0,01-05-2022
อลูมิเนียมแผ่นเพจ,72.0,01-05-2022
อลูมิเนียมแผ่นเพจ,72.0,01-05-2022
อลูมิเนียมแผ่นเพจ,72.0,01-05-2022
อลูมิเนียมแผ่นเพจ,72.0,01-05-2022
อลูมิเนียมแผ่นเพจ,73.0,01-05-2022
อลูมิเนียมแผ่นเพจ,73.0,01-05-2022
อลูมิเนียมแผ่นเพจ,73.0,01-05-2022
อลูมิเนียมแผ่นเพจ,73.0,09-05-2022
อลูมิเนียมแผ่นเพจ,73.0,08-05-2022
อลูมิเนียมแผ่นเพจ,73.0,07-05-2022
อลูมิเนียมแผ่นเพจ,77.0,02-04-2022
อลูมิเนียมแผ่นเพจ,79.0,02-04-2022
อลูมิเนียมแผ่นเพจ,79.0,02-04-2022
อลูมิเนียมแผ่นเพจ,79.0,02-04-2022
อลูมิเนียมแผ่นเพจ,79.0,02-04-2022
อลูมิเนียมแผ่นเพจ,79.0,02-04-2022
อลูมิเนียมแผ่นเพจ,79.0,02-04-2022
อลูมิเนียมแผ่นเพจ,79.0,01-04-2022
อลูมิเนียมแผ่นเพจ,79.0,01-04-2022
อลูมิเนียมแผ่นเพจ,79.0,06-04-2022
อลูมิเนียมแผ่นเพจ,79.0,05-04-2022
อลูมิเนียมแผ่นเพจ,79.0,04-04-2022
อลูมิเนียมแผ่นเพจ,79.0,02-04-2022
อลูมิเนียมแผ่นเพจ,78.0,01-04-2022
อลูมิเนียมแผ่นเพจ,78.0,03-03-2022
อลูมิเนียมแผ่นเพจ,78.0,03-03-2022
อลูมิเนียมแผ่นเพจ,78.0,02-03-2022
อลูมิเนียมแผ่นเพจ,78.0,02-03-2022
อลูมิเนียมแผ่นเพจ,78.0,02-03-2022
อลูมิเนียมแผ่นเพจ,77.0,02-03-2022
อลูมิเนียมแผ่นเพจ,77.0,02-03-2022
อลูมิเนียมแผ่นเพจ,77.0,02-03-2022
อลูมิเนียมแผ่นเพจ,74.0,01-03-2022
อลูมิเนียมแผ่นเพจ,74.0,01-03-2022
อลูมิเนียมแผ่นเพจ,74.0,01-03-2022
อลูมิเนียมแผ่นเพจ,74.0,01-03-2022
อลูมิเนียมแผ่นเพจ,77.0,01-03-2022
อลูมิเนียมแผ่นเพจ,77.0,01-03-2022
อลูมิเนียมแผ่นเพจ,77.0,01-03-2022
อลูมิเนียมแผ่นเพจ,78.0,08-03-2022
อลูมิเนียมแผ่นเพจ,78.0,06-03-2022
อลูมิเนียมแผ่นเพจ,77.0,05-03-2022
อลูมิเนียมแผ่นเพจ,77.0,04-03-2022
อลูมิเนียมแผ่นเพจ,77.0,03-03-2022
อลูมิเนียมแผ่นเพจ,77.0,01-03-2022
อลูมิเนียมแผ่นเพจ,77.0,02-02-2022
อลูมิเนียมแผ่นเพจ,77.0,02-02-2022
อลูมิเนียมแผ่นเพจ,77.0,02-02-2022
อลูมิเนียมแผ่นเพจ,75.0,02-02-2022
อลูมิเนียมแผ่นเพจ,75.0,01-02-2022
อลูมิเนียมแผ่นเพจ,75.0,01-02-2022
อลูมิเนียมแผ่นเพจ,75.0,01-02-2022
อลูมิเนียมแผ่นเพจ,75.0,01-02-2022
อลูมิเนียมแผ่นเพจ,75.0,01-02-2022
อลูมิเนียมแผ่นเพจ,73.0,01-02-2022
อลูมิเนียมแผ่นเพจ,73.0,01-02-2022
อลูมิเนียมแผ่นเพจ,73.0,09-02-2022
อลูมิเนียมแผ่นเพจ,73.0,08-02-2022
อลูมิเนียมแผ่นเพจ,73.0,07-02-2022
อลูมิเนียมแผ่นเพจ,73.0,06-02-2022
อลูมิเนียมแผ่นเพจ,73.0,05-02-2022
อลูมิเนียมแผ่นเพจ,73.0,04-02-2022
อลูมิเนียมแผ่นเพจ,73.0,03-01-2022
อลูมิเนียมแผ่นเพจ,73.0,02-01-2022
อลูมิเนียมแผ่นเพจ,73.0,02-01-2022
อลูมิเนียมแผ่นเพจ,73.0,02-01-2022
อลูมิเนียมแผ่นเพจ,73.0,02-01-2022
อลูมิเนียมแผ่นเพจ,73.0,02-01-2022
อลูมิเนียมแผ่นเพจ,73.0,02-01-2022
อลูมิเนียมแผ่นเพจ,73.0,02-01-2022
อลูมิเนียมแผ่นเพจ,73.0,02-01-2022
อลูมิเนียมแผ่นเพจ,73.0,02-01-2022
อลูมิเนียมแผ่นเพจ,73.0,01-01-2022
อลูมิเนียมแผ่นเพจ,73.0,01-01-2022
อลูมิเนียมแผ่นเพจ,73.0,01-01-2022
อลูมิเนียมแผ่นเพจ,73.0,01-01-2022
อลูมิเนียมแผ่นเพจ,73.0,01-01-2022
อลูมิเนียมแผ่นเพจ,73.0,01-01-2022
อลูมิเนียมแผ่นเพจ,73.0,01-01-2022
อลูมิเนียมแผ่นเพจ,73.0,01-01-2022
อลูมิเนียมแผ่นเพจ,73.0,01-01-2022
อลูมิเนียมแผ่นเพจ,68.0,09-01-2022
อลูมิเนียมแผ่นเพจ,68.0,08-01-2022
อลูมิเนียมแผ่นเพจ,68.0,06-01-2022
อลูมิเนียมแผ่นเพจ,62.0,05-01-2022
อลูมิเนียมแผ่นเพจ,62.0,02-12-2021
อลูมิเนียมแผ่นเพจ,62.0,02-12-2021
อลูมิเนียมแผ่นเพจ,62.0,02-12-2021
อลูมิเนียมแผ่นเพจ,62.0,02-12-2021
อลูมิเนียมแผ่นเพจ,62.0,02-12-2021
อลูมิเนียมแผ่นเพจ,62.0,02-12-2021
อลูมิเนียมแผ่นเพจ,62.0,02-12-2021
อลูมิเนียมแผ่นเพจ,62.0,01-12-2021
อลูมิเนียมแผ่นเพจ,62.0,01-12-2021
อลูมิเนียมแผ่นเพจ,62.0,01-12-2021
อลูมิเนียมแผ่นเพจ,62.0,01-12-2021
อลูมิเนียมแผ่นเพจ,62.0,01-12-2021
อลูมิเนียมแผ่นเพจ,62.0,01-12-2021
อลูมิเนียมแผ่นเพจ,62.0,07-12-2021
อลูมิเนียมแผ่นเพจ,62.0,05-12-2021
อลูมิเนียมแผ่นเพจ,62.0,04-12-2021
อลูมิเนียมแผ่นเพจ,62.0,03-12-2021
อลูมิเนียมแผ่นเพจ,62.0,02-12-2021
อลูมิเนียมแผ่นเพจ,62.0,01-12-2021
อลูมิเนียมแผ่นเพจ,62.0,03-01-2021
อลูมิเนียมแผ่นเพจ,62.0,02-01-2021
อลูมิเนียมแผ่นเพจ,62.0,02-01-2021
อลูมิเนียมแผ่นเพจ,62.0,02-01-2021
อลูมิเนียมแผ่นเพจ,62.0,02-01-2021
อลูมิเนียมแผ่นเพจ,62.0,02-01-2021
อลูมิเนียมแผ่นเพจ,62.0,02-01-2021
อลูมิเนียมแผ่นเพจ,62.0,02-01-2021
อลูมิเนียมแผ่นเพจ,62.0,02-01-2021
อลูมิเนียมแผ่นเพจ,62.0,02-01-2021
อลูมิเนียมแผ่นเพจ,64.0,01-01-2021
อลูมิเนียมแผ่นเพจ,64.0,01-01-2021
อลูมิเนียมแผ่นเพจ,65.0,01-01-2021
อลูมิเนียมแผ่นเพจ,66.0,01-01-2021
อลูมิเนียมแผ่นเพจ,66.0,01-01-2021
อลูมิเนียมแผ่นเพจ,66.0,01-01-2021
อลูมิเนียมแผ่นเพจ,66.0,01-01-2021
อลูมิเนียมแผ่นเพจ,61.0,01-01-2021
อลูมิเนียมแผ่นเพจ,61.0,01-01-2021
อลูมิเนียมแผ่นเพจ,61.0,09-01-2021
อลูมิเนียมแผ่นเพจ,66.0,08-01-2021
อลูมิเนียมแผ่นเพจ,66.0,07-01-2021
อลูมิเนียมแผ่นเพจ,66.0,06-01-2021
อลูมิเนียมแผ่นเพจ,66.0,05-01-2021
อลูมิเนียมแผ่นเพจ,69.0,04-01-2021
อลูมิเนียมแผ่นเพจ,69.0,03-01-2021
อลูมิเนียมแผ่นเพจ,69.0,02-01-2021
อลูมิเนียมแผ่นเพจ,69.0,01-01-2021
อลูมิเนียมแผ่นเพจ,71.0,03-10-2021
อลูมิเนียมแผ่นเพจ,72.0,02-10-2021
อลูมิเนียมแผ่นเพจ,74.0,02-10-2021
อลูมิเนียมแผ่นเพจ,74.0,02-10-2021
อลูมิเนียมแผ่นเพจ,76.0,02-10-2021
อลูมิเนียมแผ่นเพจ,76.0,02-10-2021
อลูมิเนียมแผ่นเพจ,76.0,02-10-2021
อลูมิเนียมแผ่นเพจ,76.0,02-10-2021
อลูมิเนียมแผ่นเพจ,76.0,02-10-2021
อลูมิเนียมแผ่นเพจ,76.0,02-10-2021
อลูมิเนียมแผ่นเพจ,76.0,01-10-2021
อลูมิเนียมแผ่นเพจ,76.0,01-10-2021
อลูมิเนียมแผ่นเพจ,76.0,01-10-2021
อลูมิเนียมแผ่นเพจ,75.0,01-10-2021
อลูมิเนียมแผ่นเพจ,75.0,01-10-2021
อลูมิเนียมแผ่นเพจ,70.0,01-10-2021
อลูมิเนียมแผ่นเพจ,70.0,01-10-2021
อลูมิเนียมแผ่นเพจ,70.0,01-10-2021
อลูมิเนียมแผ่นเพจ,70.0,01-10-2021
อลูมิเนียมแผ่นเพจ,70.0,08-10-2021
อลูมิเนียมแผ่นเพจ,70.0,07-10-2021
อลูมิเนียมแผ่นเพจ,70.0,06-10-2021
อลูมิเนียมแผ่นเพจ,70.0,04-10-2021
อลูมิเนียมแผ่นเพจ,61.0,03-10-2021
อลูมิเนียมแผ่นเพจ,61.0,01-10-2021
อลูมิเนียมแผ่นเพจ,61.0,03-09-2021
อลูมิเนียมแผ่นเพจ,61.0,02-09-2021
อลูมิเนียมแผ่นเพจ,61.0,02-09-2021
อลูมิเนียมแผ่นเพจ,61.0,02-09-2021
อลูมิเนียมแผ่นเพจ,60.0,02-09-2021
อลูมิเนียมแผ่นเพจ,60.0,02-09-2021
อลูมิเนียมแผ่นเพจ,60.0,02-09-2021
อลูมิเนียมแผ่นเพจ,60.0,02-09-2021
อลูมิเนียมแผ่นเพจ,60.0,02-09-2021
อลูมิเนียมแผ่นเพจ,59.0,01-09-2021
อลูมิเนียมแผ่นเพจ,59.0,01-09-2021
อลูมิเนียมแผ่นเพจ,59.0,01-09-2021
อลูมิเนียมแผ่นเพจ,59.0,01-09-2021
อลูมิเนียมแผ่นเพจ,59.0,01-09-2021
อลูมิเนียมแผ่นเพจ,55.0,01-09-2021
อลูมิเนียมแผ่นเพจ,55.0,01-09-2021
อลูมิเนียมแผ่นเพจ,55.0,01-09-2021
อลูมิเนียมแผ่นเพจ,55.0,09-09-2021
อลูมิเนียมแผ่นเพจ,55.0,08-09-2021
อลูมิเนียมแผ่นเพจ,55.0,07-09-2021
อลูมิเนียมแผ่นเพจ,55.0,06-09-2021
อลูมิเนียมแผ่นเพจ,55.0,04-09-2021
อลูมิเนียมแผ่นเพจ,55.0,03-09-2021
อลูมิเนียมแผ่นเพจ,55.0,02-09-2021
อลูมิเนียมแผ่นเพจ,55.0,01-09-2021
อลูมิเนียมแผ่นเพจ,55.0,03-08-2021
อลูมิเนียมแผ่นเพจ,55.0,03-08-2021
อลูมิเนียมแผ่นเพจ,55.0,02-08-2021
อลูมิเนียมแผ่นเพจ,55.0,02-08-2021
อลูมิเนียมแผ่นเพจ,53.0,02-08-2021
อลูมิเนียมแผ่นเพจ,53.0,02-08-2021
อลูมิเนียมแผ่นเพจ,53.0,02-08-2021
อลูมิเนียมแผ่นเพจ,53.0,02-08-2021
อลูมิเนียมแผ่นเพจ,53.0,02-08-2021
อลูมิเนียมแผ่นเพจ,53.0,01-08-2021
อลูมิเนียมแผ่นเพจ,53.0,01-08-2021
อลูมิเนียมแผ่นเพจ,53.0,01-08-2021
อลูมิเนียมแผ่นเพจ,53.0,01-08-2021
อลูมิเนียมแผ่นเพจ,52.0,01-08-2021
อลูมิเนียมแผ่นเพจ,52.0,01-08-2021
อลูมิเนียมแผ่นเพจ,52.0,01-08-2021
อลูมิเนียมแผ่นเพจ,52.0,01-08-2021
อลูมิเนียมแผ่นเพจ,52.0,01-08-2021
อลูมิเนียมแผ่นเพจ,52.0,01-08-2021
อลูมิเนียมแผ่นเพจ,52.0,09-08-2021
อลูมิเนียมแผ่นเพจ,52.0,08-08-2021
อลูมิเนียมแผ่นเพจ,52.0,07-08-2021
อลูมิเนียมแผ่นเพจ,52.0,05-08-2021
อลูมิเนียมแผ่นเพจ,52.0,04-08-2021
อลูมิเนียมแผ่นเพจ,52.0,03-08-2021
อลูมิเนียมแผ่นเพจ,52.0,02-08-2021
อลูมิเนียมแผ่นเพจ,52.0,01-08-2021
อลูมิเนียมแผ่นเพจ,52.0,03-07-2021
อลูมิเนียมแผ่นเพจ,52.0,03-07-2021
อลูมิเนียมแผ่นเพจ,52.0,02-07-2021
อลูมิเนียมแผ่นเพจ,52.0,02-07-2021
อลูมิเนียมแผ่นเพจ,52.0,02-07-2021
อลูมิเนียมแผ่นเพจ,52.0,02-07-2021
อลูมิเนียมแผ่นเพจ,52.0,02-07-2021
อลูมิเนียมแผ่นเพจ,52.0,02-07-2021
อลูมิเนียมแผ่นเพจ,52.0,02-07-2021
อลูมิเนียมแผ่นเพจ,52.0,02-07-2021
อลูมิเนียมแผ่นเพจ,52.0,01-07-2021
อลูมิเนียมแผ่นเพจ,48.0,01-07-2021
อลูมิเนียมแผ่นเพจ,48.0,01-07-2021
อลูมิเนียมแผ่นเพจ,48.0,01-07-2021
อลูมิเนียมแผ่นเพจ,48.0,01-07-2021
อลูมิเนียมแผ่นเพจ,48.0,01-07-2021
อลูมิเนียมแผ่นเพจ,48.0,01-07-2021
อลูมิเนียมแผ่นเพจ,48.0,01-07-2021
อลูมิเนียมแผ่นเพจ,48.0,01-07-2021
อลูมิเนียมแผ่นเพจ,48.0,08-07-2021
อลูมิเนียมแผ่นเพจ,48.0,07-07-2021
อลูมิเนียมแผ่นเพจ,48.0,06-07-2021
อลูมิเนียมแผ่นเพจ,48.0,04-07-2021
อลูมิเนียมแผ่นเพจ,48.0,03-07-2021
อลูมิเนียมแผ่นเพจ,48.0,02-07-2021
อลูมิเนียมแผ่นเพจ,48.0,01-07-2021
อลูมิเนียมแผ่นเพจ,48.0,03-06-2021
อลูมิเนียมแผ่นเพจ,48.0,02-06-2021
อลูมิเนียมแผ่นเพจ,48.0,02-06-2021
อลูมิเนียมแผ่นเพจ,48.0,02-06-2021
อลูมิเนียมแผ่นเพจ,48.0,02-06-2021
อลูมิเนียมแผ่นเพจ,48.0,02-06-2021
อลูมิเนียมแผ่นเพจ,48.0,02-06-2021
อลูมิเนียมแผ่นเพจ,48.0,02-06-2021
อลูมิเนียมแผ่นเพจ,48.0,01-06-2021
อลูมิเนียมแผ่นเพจ,48.0,01-06-2021
อลูมิเนียมแผ่นเพจ,49.0,01-06-2021
อลูมิเนียมแผ่นเพจ,49.0,01-06-2021
อลูมิเนียมแผ่นเพจ,49.0,01-06-2021
อลูมิเนียมแผ่นเพจ,49.0,01-06-2021
อลูมิเนียมแผ่นเพจ,49.0,01-06-2021
อลูมิเนียมแผ่นเพจ,49.0,08-06-2021
อลูมิเนียมแผ่นเพจ,49.0,04-06-2021
อลูมิเนียมแผ่นเพจ,49.0,03-06-2021
อลูมิเนียมแผ่นเพจ,49.0,02-06-2021
อลูมิเนียมแผ่นเพจ,49.0,03-05-2021
อลูมิเนียมแผ่นเพจ,49.0,02-05-2021
อลูมิเนียมแผ่นเพจ,47.0,02-05-2021
อลูมิเนียมแผ่นเพจ,47.0,02-05-2021
อลูมิเนียมแผ่นเพจ,47.0,02-05-2021
อลูมิเนียมแผ่นเพจ,47.0,02-05-2021
อลูมิเนียมแผ่นเพจ,47.0,02-05-2021
อลูมิเนียมแผ่นเพจ,47.0,02-05-2021
อลูมิเนียมแผ่นเพจ,47.0,02-05-2021
อลูมิเนียมแผ่นเพจ,47.0,01-05-2021
อลูมิเนียมแผ่นเพจ,47.0,01-05-2021
อลูมิเนียมแผ่นเพจ,47.0,01-05-2021
อลูมิเนียมแผ่นเพจ,47.0,01-05-2021
อลูมิเนียมแผ่นเพจ,47.0,01-05-2021
อลูมิเนียมแผ่นเพจ,47.0,01-05-2021
อลูมิเนียมแผ่นเพจ,47.0,01-05-2021
อลูมิเนียมแผ่นเพจ,47.0,09-05-2021
อลูมิเนียมแผ่นเพจ,45.0,08-05-2021
อลูมิเนียมแผ่นเพจ,45.0,07-05-2021
อลูมิเนียมแผ่นเพจ,45.0,06-05-2021
อลูมิเนียมแผ่นเพจ,45.0,04-05-2021
อลูมิเนียมแผ่นเพจ,45.0,02-05-2021
อลูมิเนียมแผ่นเพจ,45.0,03-04-2021
อลูมิเนียมแผ่นเพจ,45.0,02-04-2021
อลูมิเนียมแผ่นเพจ,45.0,02-04-2021
อลูมิเนียมแผ่นเพจ,45.0,02-04-2021
อลูมิเนียมแผ่นเพจ,44.0,02-04-2021
อลูมิเนียมแผ่นเพจ,44.0,02-04-2021
อลูมิเนียมแผ่นเพจ,44.0,02-04-2021
อลูมิเนียมแผ่นเพจ,43.0,02-04-2021
อลูมิเนียมแผ่นเพจ,43.0,02-04-2021
อลูมิเนียมแผ่นเพจ,43.0,02-04-2021
อลูมิเนียมแผ่นเพจ,43.0,01-04-2021
อลูมิเนียมแผ่นเพจ,42.0,01-04-2021
อลูมิเนียมแผ่นเพจ,42.0,01-04-2021
อลูมิเนียมแผ่นเพจ,42.0,01-04-2021
อลูมิเนียมแผ่นเพจ,42.0,01-04-2021
อลูมิเนียมแผ่นเพจ,42.0,08-04-2021
อลูมิเนียมแผ่นเพจ,42.0,07-04-2021
อลูมิเนียมแผ่นเพจ,42.0,04-04-2021
อลูมิเนียมแผ่นเพจ,42.0,03-04-2021
อลูมิเนียมแผ่นเพจ,42.0,02-04-2021
อลูมิเนียมแผ่นเพจ,42.0,01-04-2021
อลูมิเนียมแผ่นเพจ,42.0,03-03-2021
อลูมิเนียมแผ่นเพจ,41.0,02-03-2021
อลูมิเนียมแผ่นเพจ,39.0,02-03-2021
อลูมิเนียมแผ่นเพจ,39.0,02-03-2021
อลูมิเนียมแผ่นเพจ,39.0,02-03-2021
อลูมิเนียมแผ่นเพจ,39.0,02-03-2021
อลูมิเนียมแผ่นเพจ,39.0,02-03-2021
อลูมิเนียมแผ่นเพจ,39.0,02-03-2021
อลูมิเนียมแผ่นเพจ,39.0,02-03-2021
อลูมิเนียมแผ่นเพจ,38.0,01-03-2021
อลูมิเนียมแผ่นเพจ,38.0,01-03-2021
อลูมิเนียมแผ่นเพจ,38.0,01-03-2021
อลูมิเนียมแผ่นเพจ,38.0,01-03-2021
อลูมิเนียมแผ่นเพจ,38.0,01-03-2021
อลูมิเนียมแผ่นเพจ,38.0,01-03-2021
อลูมิเนียมแผ่นเพจ,38.0,01-03-2021
อลูมิเนียมแผ่นเพจ,38.0,01-03-2021
อลูมิเนียมแผ่นเพจ,38.0,01-03-2021
อลูมิเนียมแผ่นเพจ,38.0,01-03-2021
อลูมิเนียมแผ่นเพจ,38.0,09-03-2021
อลูมิเนียมแผ่นเพจ,38.0,08-03-2021
อลูมิเนียมแผ่นเพจ,38.0,06-03-2021
อลูมิเนียมแผ่นเพจ,38.0,05-03-2021
อลูมิเนียมแผ่นเพจ,38.0,04-03-2021
อลูมิเนียมแผ่นเพจ,36.0,02-03-2021
อลูมิเนียมแผ่นเพจ,36.0,02-02-2021
อลูมิเนียมแผ่นเพจ,36.0,02-02-2021
อลูมิเนียมแผ่นเพจ,36.0,02-02-2021
อลูมิเนียมแผ่นเพจ,36.0,02-02-2021
อลูมิเนียมแผ่นเพจ,36.0,02-02-2021
อลูมิเนียมแผ่นเพจ,36.0,01-02-2021
อลูมิเนียมแผ่นเพจ,36.0,01-02-2021
อลูมิเนียมแผ่นเพจ,36.0,01-02-2021
อลูมิเนียมแผ่นเพจ,36.0,01-02-2021
อลูมิเนียมแผ่นเพจ,36.0,01-02-2021
อลูมิเนียมแผ่นเพจ,36.0,01-02-2021
อลูมิเนียมแผ่นเพจ,36.0,01-02-2021
อลูมิเนียมแผ่นเพจ,36.0,01-02-2021
อลูมิเนียมแผ่นเพจ,36.0,09-02-2021
อลูมิเนียมแผ่นเพจ,36.0,08-02-2021
อลูมิเนียมแผ่นเพจ,36.0,06-02-2021
อลูมิเนียมแผ่นเพจ,36.0,04-02-2021
อลูมิเนียมแผ่นเพจ,36.0,03-02-2021
อลูมิเนียมแผ่นเพจ,36.0,02-02-2021
อลูมิเนียมแผ่นเพจ,36.0,01-02-2021
อลูมิเนียมแผ่นเพจ,36.0,03-01-2021
อลูมิเนียมแผ่นเพจ,36.0,03-01-2021
อลูมิเนียมแผ่นเพจ,36.0,02-01-2021
อลูมิเนียมแผ่นเพจ,36.0,02-01-2021
อลูมิเนียมแผ่นเพจ,36.0,02-01-2021
อลูมิเนียมแผ่นเพจ,36.0,02-01-2021
อลูมิเนียมแผ่นเพจ,36.0,02-01-2021
อลูมิเนียมแผ่นเพจ,36.0,02-01-2021
อลูมิเนียมแผ่นเพจ,36.0,01-01-2021
อลูมิเนียมแผ่นเพจ,36.0,01-01-2021
อลูมิเนียมแผ่นเพจ,36.0,01-01-2021
อลูมิเนียมแผ่นเพจ,36.0,01-01-2021
อลูมิเนียมแผ่นเพจ,36.0,01-01-2021
อลูมิเนียมแผ่นเพจ,36.0,01-01-2021
อลูมิเนียมแผ่นเพจ,36.0,08-01-2021
อลูมิเนียมแผ่นเพจ,36.0,07-01-2021
อลูมิเนียมแผ่นเพจ,36.0,06-01-2021
อลูมิเนียมแผ่นเพจ,36.0,05-01-2021
อลูมิเนียมแผ่นเพจ,36.0,04-01-2021
อลูมิเนียมแผ่นเพจ,36.0,03-01-2021
อลูมิเนียมแผ่นเพจ,36.0,02-12-2020
อลูมิเนียมแผ่นเพจ,36.0,02-12-2020
อลูมิเนียมแผ่นเพจ,36.0,02-12-2020
อลูมิเนียมแผ่นเพจ,36.0,02-12-2020
อลูมิเนียมแผ่นเพจ,36.0,02-12-2020
อลูมิเนียมแผ่นเพจ,36.0,02-12-2020
อลูมิเนียมแผ่นเพจ,36.0,02-12-2020
อลูมิเนียมแผ่นเพจ,36.0,01-12-2020
อลูมิเนียมแผ่นเพจ,36.0,01-12-2020
อลูมิเนียมแผ่นเพจ,36.0,01-12-2020
อลูมิเนียมแผ่นเพจ,36.0,01-12-2020
อลูมิเนียมแผ่นเพจ,36.0,01-12-2020
อลูมิเนียมแผ่นเพจ,34.0,01-12-2020
อลูมิเนียมแผ่นเพจ,34.0,01-12-2020
อลูมิเนียมแผ่นเพจ,34.0,08-12-2020
อลูมิเนียมแผ่นเพจ,34.0,07-12-2020
อลูมิเนียมแผ่นเพจ,34.0,06-12-2020
อลูมิเนียมแผ่นเพจ,34.0,05-12-2020
อลูมิเนียมแผ่นเพจ,34.0,04-12-2020
อลูมิเนียมแผ่นเพจ,34.0,03-12-2020
อลูมิเนียมแผ่นเพจ,34.0,02-12-2020
อลูมิเนียมแผ่นเพจ,34.0,01-12-2020
อลูมิเนียมแผ่นเพจ,34.0,03-01-2020
อลูมิเนียมแผ่นเพจ,34.0,02-01-2020
อลูมิเนียมแผ่นเพจ,34.0,02-01-2020
อลูมิเนียมแผ่นเพจ,34.0,02-01-2020
อลูมิเนียมแผ่นเพจ,34.0,02-01-2020
อลูมิเนียมแผ่นเพจ,34.0,02-01-2020
อลูมิเนียมแผ่นเพจ,34.0,02-01-2020
อลูมิเนียมแผ่นเพจ,34.0,02-01-2020
อลูมิเนียมแผ่นเพจ,34.0,02-01-2020
อลูมิเนียมแผ่นเพจ,34.0,02-01-2020
อลูมิเนียมแผ่นเพจ,33.0,01-01-2020
อลูมิเนียมแผ่นเพจ,33.0,01-01-2020
อลูมิเนียมแผ่นเพจ,33.0,01-01-2020
อลูมิเนียมแผ่นเพจ,33.0,01-01-2020
อลูมิเนียมแผ่นเพจ,33.0,01-01-2020
อลูมิเนียมแผ่นเพจ,33.0,01-01-2020
อลูมิเนียมแผ่นเพจ,33.0,01-01-2020
อลูมิเนียมแผ่นเพจ,33.0,01-01-2020
อลูมิเนียมแผ่นเพจ,31.0,09-01-2020
อลูมิเนียมแผ่นเพจ,31.0,07-01-2020
อลูมิเนียมแผ่นเพจ,31.0,06-01-2020
อลูมิเนียมแผ่นเพจ,31.0,05-01-2020
อลูมิเนียมแผ่นเพจ,31.0,04-01-2020
อลูมิเนียมแผ่นเพจ,31.0,03-01-2020
อลูมิเนียมแผ่นเพจ,31.0,02-01-2020
อลูมิเนียมแผ่นเพจ,31.0,03-10-2020
อลูมิเนียมแผ่นเพจ,31.0,03-10-2020
อลูมิเนียมแผ่นเพจ,31.0,02-10-2020
อลูมิเนียมแผ่นเพจ,31.0,02-10-2020
อลูมิเนียมแผ่นเพจ,31.0,02-10-2020
อลูมิเนียมแผ่นเพจ,31.0,02-10-2020
อลูมิเนียมแผ่นเพจ,31.0,02-10-2020
อลูมิเนียมแผ่นเพจ,31.0,02-10-2020
อลูมิเนียมแผ่นเพจ,31.0,01-10-2020
อลูมิเนียมแผ่นเพจ,31.0,01-10-2020
อลูมิเนียมแผ่นเพจ,31.0,01-10-2020
อลูมิเนียมแผ่นเพจ,31.0,01-10-2020
อลูมิเนียมแผ่นเพจ,31.0,01-10-2020
อลูมิเนียมแผ่นเพจ,31.0,01-10-2020
อลูมิเนียมแผ่นเพจ,31.0,01-10-2020
อลูมิเนียมแผ่นเพจ,31.0,01-10-2020
อลูมิเนียมแผ่นเพจ,31.0,01-10-2020
อลูมิเนียมแผ่นเพจ,31.0,01-10-2020
อลูมิเนียมแผ่นเพจ,31.0,09-10-2020
อลูมิเนียมแผ่นเพจ,31.0,08-10-2020
อลูมิเนียมแผ่นเพจ,31.0,07-10-2020
อลูมิเนียมแผ่นเพจ,31.0,06-10-2020
อลูมิเนียมแผ่นเพจ,31.0,05-10-2020
อลูมิเนียมแผ่นเพจ,31.0,03-10-2020
อลูมิเนียมแผ่นเพจ,31.0,02-10-2020
อลูมิเนียมแผ่นเพจ,31.0,01-10-2020
อลูมิเนียมแผ่นเพจ,31.0,03-09-2020
อลูมิเนียมแผ่นเพจ,30.0,02-09-2020
อลูมิเนียมแผ่นเพจ,30.0,02-09-2020
อลูมิเนียมแผ่นเพจ,30.0,02-09-2020
อลูมิเนียมแผ่นเพจ,30.0,02-09-2020
อลูมิเนียมแผ่นเพจ,30.0,02-09-2020
อลูมิเนียมแผ่นเพจ,30.0,01-09-2020
อลูมิเนียมแผ่นเพจ,30.0,01-09-2020
อลูมิเนียมแผ่นเพจ,30.0,01-09-2020
อลูมิเนียมแผ่นเพจ,30.0,01-09-2020
อลูมิเนียมแผ่นเพจ,30.0,01-09-2020
อลูมิเนียมแผ่นเพจ,30.0,01-09-2020
อลูมิเนียมแผ่นเพจ,30.0,01-09-2020
อลูมิเนียมแผ่นเพจ,30.0,01-09-2020
อลูมิเนียมแผ่นเพจ,30.0,01-09-2020
อลูมิเนียมแผ่นเพจ,30.0,09-09-2020
อลูมิเนียมแผ่นเพจ,30.0,08-09-2020
อลูมิเนียมแผ่นเพจ,30.0,07-09-2020
อลูมิเนียมแผ่นเพจ,30.0,04-09-2020
อลูมิเนียมแผ่นเพจ,30.0,01-09-2020
อลูมิเนียมแผ่นเพจ,28.0,03-08-2020
อลูมิเนียมแผ่นเพจ,28.0,02-08-2020
อลูมิเนียมแผ่นเพจ,28.0,02-08-2020
อลูมิเนียมแผ่นเพจ,28.0,02-08-2020
อลูมิเนียมแผ่นเพจ,28.0,02-08-2020
อลูมิเนียมแผ่นเพจ,28.0,02-08-2020
อลูมิเนียมแผ่นเพจ,28.0,02-08-2020
อลูมิเนียมแผ่นเพจ,28.0,02-08-2020
อลูมิเนียมแผ่นเพจ,28.0,02-08-2020
อลูมิเนียมแผ่นเพจ,28.0,01-08-2020
อลูมิเนียมแผ่นเพจ,28.0,01-08-2020
อลูมิเนียมแผ่นเพจ,28.0,01-08-2020
อลูมิเนียมแผ่นเพจ,28.0,01-08-2020
อลูมิเนียมแผ่นเพจ,28.0,01-08-2020
อลูมิเนียมแผ่นเพจ,28.0,01-08-2020
อลูมิเนียมแผ่นเพจ,28.0,01-08-2020
อลูมิเนียมแผ่นเพจ,28.0,01-08-2020
อลูมิเนียมแผ่นเพจ,28.0,01-08-2020
อลูมิเนียมแผ่นเพจ,28.0,09-08-2020
อลูมิเนียมแผ่นเพจ,28.0,08-08-2020
อลูมิเนียมแผ่นเพจ,28.0,07-08-2020
อลูมิเนียมแผ่นเพจ,28.0,06-08-2020
อลูมิเนียมแผ่นเพจ,28.0,05-08-2020
อลูมิเนียมแผ่นเพจ,28.0,04-08-2020
อลูมิเนียมแผ่นเพจ,28.0,03-08-2020
อลูมิเนียมแผ่นเพจ,28.0,01-08-2020
อลูมิเนียมแผ่นเพจ,28.0,03-07-2020
อลูมิเนียมแผ่นเพจ,28.0,02-07-2020
อลูมิเนียมแผ่นเพจ,28.0,02-07-2020
อลูมิเนียมแผ่นเพจ,28.0,02-07-2020
อลูมิเนียมแผ่นเพจ,28.0,02-07-2020
อลูมิเนียมแผ่นเพจ,28.0,02-07-2020
อลูมิเนียมแผ่นเพจ,28.0,02-07-2020
อลูมิเนียมแผ่นเพจ,28.0,01-07-2020
อลูมิเนียมแผ่นเพจ,28.0,01-07-2020
อลูมิเนียมแผ่นเพจ,28.0,01-07-2020
อลูมิเนียมแผ่นเพจ,28.0,01-07-2020
อลูมิเนียมแผ่นเพจ,28.0,01-07-2020
อลูมิเนียมแผ่นเพจ,28.0,01-07-2020
อลูมิเนียมแผ่นเพจ,28.0,01-07-2020
อลูมิเนียมแผ่นเพจ,28.0,01-07-2020
อลูมิเนียมแผ่นเพจ,28.0,01-07-2020
อลูมิเนียมแผ่นเพจ,28.0,09-07-2020
อลูมิเนียมแผ่นเพจ,28.0,08-07-2020
อลูมิเนียมแผ่นเพจ,28.0,07-07-2020
อลูมิเนียมแผ่นเพจ,28.0,04-07-2020
อลูมิเนียมแผ่นเพจ,28.0,02-07-2020
อลูมิเนียมแผ่นเพจ,28.0,01-07-2020
อลูมิเนียมแผ่นเพจ,28.0,03-06-2020
อลูมิเนียมแผ่นเพจ,28.0,02-06-2020
อลูมิเนียมแผ่นเพจ,28.0,02-06-2020
อลูมิเนียมแผ่นเพจ,28.0,02-06-2020
อลูมิเนียมแผ่นเพจ,28.0,02-06-2020
อลูมิเนียมแผ่นเพจ,28.0,02-06-2020
อลูมิเนียมแผ่นเพจ,28.0,02-06-2020
อลูมิเนียมแผ่นเพจ,28.0,01-06-2020
อลูมิเนียมแผ่นเพจ,28.0,01-06-2020
อลูมิเนียมแผ่นเพจ,28.0,01-06-2020
อลูมิเนียมแผ่นเพจ,28.0,01-06-2020
อลูมิเนียมแผ่นเพจ,28.0,01-06-2020
อลูมิเนียมแผ่นเพจ,28.0,01-06-2020
อลูมิเนียมแผ่นเพจ,28.0,09-06-2020
อลูมิเนียมแผ่นเพจ,27.0,07-06-2020
อลูมิเนียมแผ่นเพจ,27.0,06-06-2020
อลูมิเนียมแผ่นเพจ,27.0,05-06-2020
อลูมิเนียมแผ่นเพจ,27.0,03-06-2020
อลูมิเนียมแผ่นเพจ,27.0,02-06-2020
อลูมิเนียมแผ่นเพจ,27.0,01-06-2020
อลูมิเนียมแผ่นเพจ,27.0,03-05-2020
อลูมิเนียมแผ่นเพจ,27.0,02-05-2020
อลูมิเนียมแผ่นเพจ,27.0,02-05-2020
อลูมิเนียมแผ่นเพจ,27.0,02-05-2020
อลูมิเนียมแผ่นเพจ,27.0,02-05-2020
อลูมิเนียมแผ่นเพจ,27.0,02-05-2020
อลูมิเนียมแผ่นเพจ,27.0,02-05-2020
อลูมิเนียมแผ่นเพจ,27.0,02-05-2020
อลูมิเนียมแผ่นเพจ,27.0,02-05-2020
อลูมิเนียมแผ่นเพจ,27.0,01-05-2020
อลูมิเนียมแผ่นเพจ,27.0,01-05-2020
อลูมิเนียมแผ่นเพจ,27.0,01-05-2020
อลูมิเนียมแผ่นเพจ,27.0,01-05-2020
อลูมิเนียมแผ่นเพจ,27.0,01-05-2020
อลูมิเนียมแผ่นเพจ,27.0,01-05-2020
อลูมิเนียมแผ่นเพจ,27.0,01-05-2020
อลูมิเนียมแผ่นเพจ,27.0,01-05-2020
อลูมิเนียมแผ่นเพจ,27.0,09-05-2020
อลูมิเนียมแผ่นเพจ,27.0,08-05-2020
อลูมิเนียมแผ่นเพจ,27.0,07-05-2020
อลูมิเนียมแผ่นเพจ,27.0,06-05-2020
อลูมิเนียมแผ่นเพจ,27.0,05-05-2020
อลูมิเนียมแผ่นเพจ,27.0,04-05-2020
อลูมิเนียมแผ่นเพจ,27.0,03-05-2020
อลูมิเนียมแผ่นเพจ,27.0,02-05-2020
อลูมิเนียมแผ่นเพจ,27.0,03-04-2020
อลูมิเนียมแผ่นเพจ,27.0,02-04-2020
อลูมิเนียมแผ่นเพจ,27.0,02-04-2020
อลูมิเนียมแผ่นเพจ,29.0,02-04-2020
อลูมิเนียมแผ่นเพจ,29.0,02-04-2020
อลูมิเนียมแผ่นเพจ,29.0,02-04-2020
อลูมิเนียมแผ่นเพจ,29.0,02-04-2020
อลูมิเนียมแผ่นเพจ,29.0,02-04-2020
อลูมิเนียมแผ่นเพจ,29.0,02-04-2020
อลูมิเนียมแผ่นเพจ,29.0,02-04-2020
อลูมิเนียมแผ่นเพจ,29.0,01-04-2020
อลูมิเนียมแผ่นเพจ,29.0,01-04-2020
อลูมิเนียมแผ่นเพจ,29.0,01-04-2020
อลูมิเนียมแผ่นเพจ,29.0,01-04-2020
อลูมิเนียมแผ่นเพจ,29.0,01-04-2020
อลูมิเนียมแผ่นเพจ,29.0,01-04-2020
อลูมิเนียมแผ่นเพจ,29.0,09-04-2020
อลูมิเนียมแผ่นเพจ,29.0,08-04-2020
อลูมิเนียมแผ่นเพจ,29.0,07-04-2020
อลูมิเนียมแผ่นเพจ,29.0,03-04-2020
อลูมิเนียมแผ่นเพจ,29.0,01-04-2020
อลูมิเนียมแผ่นเพจ,29.0,03-03-2020
อลูมิเนียมแผ่นเพจ,29.0,03-03-2020
อลูมิเนียมแผ่นเพจ,29.0,02-03-2020
อลูมิเนียมแผ่นเพจ,29.0,02-03-2020
อลูมิเนียมแผ่นเพจ,29.0,02-03-2020
อลูมิเนียมแผ่นเพจ,29.0,02-03-2020
อลูมิเนียมแผ่นเพจ,29.0,02-03-2020
อลูมิเนียมแผ่นเพจ,29.0,02-03-2020
อลูมิเนียมแผ่นเพจ,30.0,02-03-2020
อลูมิเนียมแผ่นเพจ,30.0,01-03-2020
อลูมิเนียมแผ่นเพจ,30.0,01-03-2020
อลูมิเนียมแผ่นเพจ,30.0,01-03-2020
อลูมิเนียมแผ่นเพจ,30.0,01-03-2020
อลูมิเนียมแผ่นเพจ,30.0,01-03-2020
อลูมิเนียมแผ่นเพจ,30.0,01-03-2020
อลูมิเนียมแผ่นเพจ,30.0,01-03-2020
อลูมิเนียมแผ่นเพจ,30.0,01-03-2020
อลูมิเนียมแผ่นเพจ,30.0,01-03-2020
อลูมิเนียมแผ่นเพจ,30.0,09-03-2020
อลูมิเนียมแผ่นเพจ,31.0,07-03-2020
อลูมิเนียมแผ่นเพจ,31.0,06-03-2020
อลูมิเนียมแผ่นเพจ,31.0,05-03-2020
อลูมิเนียมแผ่นเพจ,31.0,03-03-2020
อลูมิเนียมแผ่นเพจ,30.0,02-03-2020
อลูมิเนียมแผ่นเพจ,30.0,02-02-2020
อลูมิเนียมแผ่นเพจ,30.0,02-02-2020
อลูมิเนียมแผ่นเพจ,30.0,02-02-2020
อลูมิเนียมแผ่นเพจ,30.0,02-02-2020
อลูมิเนียมแผ่นเพจ,30.0,02-02-2020
อลูมิเนียมแผ่นเพจ,30.0,02-02-2020
อลูมิเนียมแผ่นเพจ,30.0,02-02-2020
อลูมิเนียมแผ่นเพจ,30.0,02-02-2020
อลูมิเนียมแผ่นเพจ,30.0,01-02-2020
อลูมิเนียมแผ่นเพจ,30.0,01-02-2020
อลูมิเนียมแผ่นเพจ,30.0,01-02-2020
อลูมิเนียมแผ่นเพจ,30.0,01-02-2020
อลูมิเนียมแผ่นเพจ,30.0,01-02-2020
อลูมิเนียมแผ่นเพจ,30.0,01-02-2020
อลูมิเนียมแผ่นเพจ,29.0,01-02-2020
อลูมิเนียมแผ่นเพจ,29.0,01-02-2020
อลูมิเนียมแผ่นเพจ,29.0,01-02-2020
อลูมิเนียมแผ่นเพจ,29.0,01-02-2020
อลูมิเนียมแผ่นเพจ,30.0,06-02-2020
อลูมิเนียมแผ่นเพจ,30.0,05-02-2020
อลูมิเนียมแผ่นเพจ,31.0,04-02-2020
อลูมิเนียมแผ่นเพจ,31.0,03-02-2020
อลูมิเนียมแผ่นเพจ,31.0,02-02-2020
อลูมิเนียมแผ่นเพจ,31.0,01-02-2020
อลูมิเนียมแผ่นเพจ,31.0,03-01-2020
อลูมิเนียมแผ่นเพจ,31.0,03-01-2020
อลูมิเนียมแผ่นเพจ,31.0,02-01-2020
อลูมิเนียมแผ่นเพจ,31.0,02-01-2020
อลูมิเนียมแผ่นเพจ,31.0,02-01-2020
อลูมิเนียมแผ่นเพจ,31.0,02-01-2020
อลูมิเนียมแผ่นเพจ,31.0,02-01-2020
อลูมิเนียมแผ่นเพจ,31.0,02-01-2020
อลูมิเนียมแผ่นเพจ,31.0,02-01-2020
อลูมิเนียมแผ่นเพจ,31.0,02-01-2020
อลูมิเนียมแผ่นเพจ,31.0,02-01-2020
อลูมิเนียมแผ่นเพจ,31.0,01-01-2020
อลูมิเนียมแผ่นเพจ,31.0,01-01-2020
อลูมิเนียมแผ่นเพจ,31.0,01-01-2020
อลูมิเนียมแผ่นเพจ,31.0,01-01-2020
อลูมิเนียมแผ่นเพจ,31.0,09-01-2020
อลูมิเนียมแผ่นเพจ,31.0,08-01-2020
อลูมิเนียมแผ่นเพจ,31.0,07-01-2020
อลูมิเนียมแผ่นเพจ,31.0,04-01-2020
อลูมิเนียมแผ่นเพจ,31.0,03-01-2020
อลูมิเนียมแผ่นเพจ,31.0,02-01-2020
อลูมิเนียมแผ่นเพจ,31.0,02-12-2019
อลูมิเนียมแผ่นเพจ,31.0,02-12-2019
อลูมิเนียมแผ่นเพจ,31.0,02-12-2019
อลูมิเนียมแผ่นเพจ,31.0,01-12-2019
อลูมิเนียมแผ่นเพจ,31.0,01-12-2019
อลูมิเนียมแผ่นเพจ,31.0,01-12-2019
อลูมิเนียมแผ่นเพจ,31.0,01-12-2019
อลูมิเนียมแผ่นเพจ,31.0,01-12-2019
อลูมิเนียมแผ่นเพจ,31.0,01-12-2019
อลูมิเนียมแผ่นเพจ,31.0,01-12-2019
อลูมิเนียมแผ่นเพจ,31.0,07-12-2019
อลูมิเนียมแผ่นเพจ,31.0,06-12-2019
อลูมิเนียมแผ่นเพจ,31.0,05-12-2019
อลูมิเนียมแผ่นเพจ,31.0,04-12-2019
อลูมิเนียมแผ่นเพจ,31.0,01-12-2019
อลูมิเนียมแผ่นเพจ,31.0,03-01-2019
อลูมิเนียมแผ่นเพจ,31.0,02-01-2019
อลูมิเนียมแผ่นเพจ,31.0,02-01-2019
อลูมิเนียมแผ่นเพจ,31.0,02-01-2019
อลูมิเนียมแผ่นเพจ,31.0,02-01-2019
อลูมิเนียมแผ่นเพจ,31.0,02-01-2019
อลูมิเนียมแผ่นเพจ,31.0,02-01-2019
อลูมิเนียมแผ่นเพจ,31.0,02-01-2019
อลูมิเนียมแผ่นเพจ,31.0,02-01-2019
อลูมิเนียมแผ่นเพจ,31.0,02-01-2019
อลูมิเนียมแผ่นเพจ,31.0,02-01-2019
อลูมิเนียมแผ่นเพจ,31.0,01-01-2019
อลูมิเนียมแผ่นเพจ,31.0,01-01-2019
อลูมิเนียมแผ่นเพจ,31.0,01-01-2019
อลูมิเนียมแผ่นเพจ,31.0,01-01-2019
อลูมิเนียมแผ่นเพจ,31.0,01-01-2019
อลูมิเนียมแผ่นเพจ,31.0,01-01-2019
อลูมิเนียมแผ่นเพจ,31.0,01-01-2019
อลูมิเนียมแผ่นเพจ,31.0,01-01-2019
อลูมิเนียมแผ่นเพจ,31.0,01-01-2019
อลูมิเนียมแผ่นเพจ,31.0,09-01-2019
อลูมิเนียมแผ่นเพจ,31.0,08-01-2019
อลูมิเนียมแผ่นเพจ,31.0,06-01-2019
อลูมิเนียมแผ่นเพจ,31.0,05-01-2019
อลูมิเนียมแผ่นเพจ,31.0,03-01-2019
อลูมิเนียมแผ่นเพจ,31.0,02-01-2019
อลูมิเนียมแผ่นเพจ,31.0,01-01-2019
อลูมิเนียมแผ่นเพจ,33.0,03-10-2019
อลูมิเนียมแผ่นเพจ,33.0,03-10-2019
อลูมิเนียมแผ่นเพจ,33.0,02-10-2019
อลูมิเนียมแผ่นเพจ,33.0,02-10-2019
อลูมิเนียมแผ่นเพจ,33.0,02-10-2019
อลูมิเนียมแผ่นเพจ,33.0,02-10-2019
อลูมิเนียมแผ่นเพจ,33.0,02-10-2019
อลูมิเนียมแผ่นเพจ,33.0,02-10-2019
อลูมิเนียมแผ่นเพจ,33.0,02-10-2019
อลูมิเนียมแผ่นเพจ,33.0,01-10-2019
อลูมิเนียมแผ่นเพจ,33.0,01-10-2019
อลูมิเนียมแผ่นเพจ,33.0,01-10-2019
อลูมิเนียมแผ่นเพจ,33.0,01-10-2019
อลูมิเนียมแผ่นเพจ,33.0,01-10-2019
อลูมิเนียมแผ่นเพจ,33.0,01-10-2019
อลูมิเนียมแผ่นเพจ,33.0,09-10-2019
อลูมิเนียมแผ่นเพจ,33.0,08-10-2019
อลูมิเนียมแผ่นเพจ,33.0,07-10-2019
อลูมิเนียมแผ่นเพจ,33.0,05-10-2019
อลูมิเนียมแผ่นเพจ,33.0,04-10-2019
อลูมิเนียมแผ่นเพจ,33.0,03-10-2019
อลูมิเนียมแผ่นเพจ,33.0,02-10-2019
อลูมิเนียมแผ่นเพจ,34.0,01-10-2019
อลูมิเนียมแผ่นเพจ,34.0,02-09-2019
อลูมิเนียมแผ่นเพจ,34.0,02-09-2019
อลูมิเนียมแผ่นเพจ,34.0,02-09-2019
อลูมิเนียมแผ่นเพจ,34.0,02-09-2019
อลูมิเนียมแผ่นเพจ,34.0,02-09-2019
อลูมิเนียมแผ่นเพจ,34.0,02-09-2019
อลูมิเนียมแผ่นเพจ,35.0,01-09-2019
อลูมิเนียมแผ่นเพจ,35.0,01-09-2019
อลูมิเนียมแผ่นเพจ,35.0,01-09-2019
อลูมิเนียมแผ่นเพจ,35.0,01-09-2019
อลูมิเนียมแผ่นเพจ,35.0,01-09-2019
อลูมิเนียมแผ่นเพจ,35.0,01-09-2019
อลูมิเนียมแผ่นเพจ,35.0,01-09-2019
อลูมิเนียมแผ่นเพจ,35.0,01-09-2019
อลูมิเนียมแผ่นเพจ,35.0,01-09-2019
อลูมิเนียมแผ่นเพจ,35.0,07-09-2019
อลูมิเนียมแผ่นเพจ,35.0,06-09-2019
อลูมิเนียมแผ่นเพจ,35.0,05-09-2019
อลูมิเนียมแผ่นเพจ,35.0,04-09-2019
อลูมิเนียมแผ่นเพจ,35.0,03-09-2019
อลูมิเนียมแผ่นเพจ,35.0,01-09-2019
อลูมิเนียมแผ่นเพจ,35.0,03-08-2019
อลูมิเนียมแผ่นเพจ,35.0,03-08-2019
อลูมิเนียมแผ่นเพจ,35.0,02-08-2019
อลูมิเนียมแผ่นเพจ,35.0,02-08-2019
อลูมิเนียมแผ่นเพจ,35.0,02-08-2019
อลูมิเนียมแผ่นเพจ,35.0,02-08-2019
อลูมิเนียมแผ่นเพจ,35.0,02-08-2019
อลูมิเนียมแผ่นเพจ,36.0,02-08-2019
อลูมิเนียมแผ่นเพจ,36.0,02-08-2019
อลูมิเนียมแผ่นเพจ,36.0,02-08-2019
อลูมิเนียมแผ่นเพจ,36.0,01-08-2019
อลูมิเนียมแผ่นเพจ,36.0,01-08-2019
อลูมิเนียมแผ่นเพจ,36.0,01-08-2019
อลูมิเนียมแผ่นเพจ,36.0,01-08-2019
อลูมิเนียมแผ่นเพจ,36.0,01-08-2019
อลูมิเนียมแผ่นเพจ,36.0,09-08-2019
อลูมิเนียมแผ่นเพจ,36.0,08-08-2019
อลูมิเนียมแผ่นเพจ,36.0,07-08-2019
อลูมิเนียมแผ่นเพจ,36.0,06-08-2019
อลูมิเนียมแผ่นเพจ,36.0,05-08-2019
อลูมิเนียมแผ่นเพจ,36.0,03-08-2019
อลูมิเนียมแผ่นเพจ,36.0,02-08-2019
อลูมิเนียมแผ่นเพจ,36.0,01-08-2019
อลูมิเนียมแผ่นเพจ,36.0,03-07-2019
อลูมิเนียมแผ่นเพจ,36.0,03-07-2019
อลูมิเนียมแผ่นเพจ,36.0,02-07-2019
อลูมิเนียมแผ่นเพจ,36.0,02-07-2019
อลูมิเนียมแผ่นเพจ,36.0,02-07-2019
อลูมิเนียมแผ่นเพจ,36.0,02-07-2019
อลูมิเนียมแผ่นเพจ,36.0,02-07-2019
อลูมิเนียมแผ่นเพจ,36.0,02-07-2019
อลูมิเนียมแผ่นเพจ,36.0,02-07-2019
อลูมิเนียมแผ่นเพจ,36.0,01-07-2019
อลูมิเนียมแผ่นเพจ,36.0,01-07-2019
อลูมิเนียมแผ่นเพจ,36.0,01-07-2019
อลูมิเนียมแผ่นเพจ,36.0,01-07-2019
อลูมิเนียมแผ่นเพจ,36.0,01-07-2019
อลูมิเนียมแผ่นเพจ,36.0,01-07-2019
อลูมิเนียมแผ่นเพจ,36.0,01-07-2019
อลูมิเนียมแผ่นเพจ,36.0,09-07-2019
อลูมิเนียมแผ่นเพจ,36.0,08-07-2019
อลูมิเนียมแผ่นเพจ,36.0,06-07-2019
อลูมิเนียมแผ่นเพจ,36.0,03-07-2019
อลูมิเนียมแผ่นเพจ,36.0,02-07-2019
อลูมิเนียมแผ่นเพจ,36.0,01-07-2019
อลูมิเนียมแผ่นเพจ,36.0,02-06-2019
อลูมิเนียมแผ่นเพจ,36.0,02-06-2019
อลูมิเนียมแผ่นเพจ,36.0,02-06-2019
อลูมิเนียมแผ่นเพจ,36.0,02-06-2019
อลูมิเนียมแผ่นเพจ,36.0,02-06-2019
อลูมิเนียมแผ่นเพจ,36.0,02-06-2019
อลูมิเนียมแผ่นเพจ,36.0,02-06-2019
อลูมิเนียมแผ่นเพจ,36.0,02-06-2019
อลูมิเนียมแผ่นเพจ,36.0,01-06-2019
อลูมิเนียมแผ่นเพจ,36.0,01-06-2019
อลูมิเนียมแผ่นเพจ,36.0,01-06-2019
อลูมิเนียมแผ่นเพจ,36.0,01-06-2019
อลูมิเนียมแผ่นเพจ,36.0,01-06-2019
อลูมิเนียมแผ่นเพจ,36.0,01-06-2019
อลูมิเนียมแผ่นเพจ,36.0,01-06-2019
อลูมิเนียมแผ่นเพจ,36.0,01-06-2019
อลูมิเนียมแผ่นเพจ,36.0,01-06-2019
อลูมิเนียมแผ่นเพจ,36.0,08-06-2019
อลูมิเนียมแผ่นเพจ,36.0,06-06-2019
อลูมิเนียมแผ่นเพจ,36.0,05-06-2019
อลูมิเนียมแผ่นเพจ,36.0,04-06-2019
อลูมิเนียมแผ่นเพจ,36.0,01-06-2019
อลูมิเนียมแผ่นเพจ,36.0,03-05-2019
อลูมิเนียมแผ่นเพจ,36.0,03-05-2019
อลูมิเนียมแผ่นเพจ,36.0,02-05-2019
อลูมิเนียมแผ่นเพจ,36.0,02-05-2019
อลูมิเนียมแผ่นเพจ,36.0,02-05-2019
อลูมิเนียมแผ่นเพจ,36.0,02-05-2019
อลูมิเนียมแผ่นเพจ,36.0,02-05-2019
อลูมิเนียมแผ่นเพจ,36.0,02-05-2019
อลูมิเนียมแผ่นเพจ,36.0,02-05-2019
อลูมิเนียมแผ่นเพจ,36.0,01-05-2019
อลูมิเนียมแผ่นเพจ,36.0,01-05-2019
อลูมิเนียมแผ่นเพจ,36.0,01-05-2019
อลูมิเนียมแผ่นเพจ,36.0,01-05-2019
อลูมิเนียมแผ่นเพจ,36.0,01-05-2019
อลูมิเนียมแผ่นเพจ,36.0,01-05-2019
อลูมิเนียมแผ่นเพจ,36.0,01-05-2019
อลูมิเนียมแผ่นเพจ,38.0,09-05-2019
อลูมิเนียมแผ่นเพจ,38.0,08-05-2019
อลูมิเนียมแผ่นเพจ,38.0,07-05-2019
อลูมิเนียมแผ่นเพจ,38.0,04-05-2019
อลูมิเนียมแผ่นเพจ,38.0,03-05-2019
อลูมิเนียมแผ่นเพจ,38.0,02-05-2019
อลูมิเนียมแผ่นเพจ,38.0,02-04-2019
อลูมิเนียมแผ่นเพจ,38.0,02-04-2019
อลูมิเนียมแผ่นเพจ,38.0,02-04-2019
อลูมิเนียมแผ่นเพจ,38.0,02-04-2019
อลูมิเนียมแผ่นเพจ,38.0,02-04-2019
อลูมิเนียมแผ่นเพจ,38.0,02-04-2019
อลูมิเนียมแผ่นเพจ,38.0,02-04-2019
อลูมิเนียมแผ่นเพจ,38.0,01-04-2019
อลูมิเนียมแผ่นเพจ,38.0,01-04-2019
อลูมิเนียมแผ่นเพจ,38.0,01-04-2019
อลูมิเนียมแผ่นเพจ,38.0,01-04-2019
อลูมิเนียมแผ่นเพจ,38.0,09-04-2019
อลูมิเนียมแผ่นเพจ,38.0,08-04-2019
อลูมิเนียมแผ่นเพจ,38.0,06-04-2019
อลูมิเนียมแผ่นเพจ,38.0,05-04-2019
อลูมิเนียมแผ่นเพจ,38.0,04-04-2019
อลูมิเนียมแผ่นเพจ,38.0,03-04-2019
อลูมิเนียมแผ่นเพจ,38.0,02-04-2019
อลูมิเนียมแผ่นเพจ,38.0,01-04-2019
อลูมิเนียมแผ่นเพจ,38.0,03-03-2019
อลูมิเนียมแผ่นเพจ,38.0,02-03-2019
อลูมิเนียมแผ่นเพจ,38.0,02-03-2019
อลูมิเนียมแผ่นเพจ,38.0,02-03-2019
อลูมิเนียมแผ่นเพจ,38.0,02-03-2019
อลูมิเนียมแผ่นเพจ,38.0,02-03-2019
อลูมิเนียมแผ่นเพจ,38.0,02-03-2019
อลูมิเนียมแผ่นเพจ,38.0,02-03-2019
อลูมิเนียมแผ่นเพจ,38.0,02-03-2019
อลูมิเนียมแผ่นเพจ,38.0,02-03-2019
อลูมิเนียมแผ่นเพจ,38.0,02-03-2019
อลูมิเนียมแผ่นเพจ,38.0,01-03-2019
อลูมิเนียมแผ่นเพจ,38.0,01-03-2019
อลูมิเนียมแผ่นเพจ,38.0,01-03-2019
อลูมิเนียมแผ่นเพจ,38.0,01-03-2019
อลูมิเนียมแผ่นเพจ,38.0,09-03-2019
อลูมิเนียมแผ่นเพจ,38.0,07-03-2019
อลูมิเนียมแผ่นเพจ,38.0,06-03-2019
อลูมิเนียมแผ่นเพจ,38.0,05-03-2019
อลูมิเนียมแผ่นเพจ,38.0,02-02-2019
อลูมิเนียมแผ่นเพจ,38.0,02-02-2019
อลูมิเนียมแผ่นเพจ,38.0,02-02-2019
อลูมิเนียมแผ่นเพจ,38.0,02-02-2019
อลูมิเนียมแผ่นเพจ,38.0,02-02-2019
อลูมิเนียมแผ่นเพจ,38.0,02-02-2019
อลูมิเนียมแผ่นเพจ,38.0,01-02-2019
อลูมิเนียมแผ่นเพจ,38.0,01-02-2019
อลูมิเนียมแผ่นเพจ,38.0,01-02-2019
อลูมิเนียมแผ่นเพจ,40.0,01-02-2019
อลูมิเนียมแผ่นเพจ,40.0,01-02-2019
อลูมิเนียมแผ่นเพจ,40.0,01-02-2019
อลูมิเนียมแผ่นเพจ,40.0,01-02-2019
อลูมิเนียมแผ่นเพจ,40.0,07-02-2019
อลูมิเนียมแผ่นเพจ,40.0,06-02-2019
อลูมิเนียมแผ่นเพจ,40.0,05-02-2019
อลูมิเนียมแผ่นเพจ,40.0,04-02-2019
อลูมิเนียมแผ่นเพจ,40.0,03-02-2019
อลูมิเนียมแผ่นเพจ,40.0,02-02-2019
อลูมิเนียมแผ่นเพจ,40.0,01-02-2019
อลูมิเนียมแผ่นเพจ,40.0,03-01-2019
อลูมิเนียมแผ่นเพจ,40.0,02-01-2019
อลูมิเนียมแผ่นเพจ,40.0,02-01-2019
อลูมิเนียมแผ่นเพจ,40.0,02-01-2019
อลูมิเนียมแผ่นเพจ,40.0,02-01-2019
อลูมิเนียมแผ่นเพจ,40.0,01-01-2019
อลูมิเนียมแผ่นเพจ,40.0,01-01-2019
อลูมิเนียมแผ่นเพจ,40.0,01-01-2019
อลูมิเนียมแผ่นเพจ,40.0,01-01-2019
อลูมิเนียมแผ่นเพจ,40.0,01-01-2019
อลูมิเนียมแผ่นเพจ,41.0,01-01-2019
อลูมิเนียมแผ่นเพจ,41.0,01-01-2019
อลูมิเนียมแผ่นเพจ,41.0,01-01-2019
อลูมิเนียมแผ่นเพจ,41.0,01-01-2019
อลูมิเนียมแผ่นเพจ,41.0,01-01-2019
อลูมิเนียมแผ่นเพจ,41.0,09-01-2019
อลูมิเนียมแผ่นเพจ,41.0,08-01-2019
อลูมิเนียมแผ่นเพจ,41.0,05-01-2019
อลูมิเนียมแผ่นเพจ,41.0,04-01-2019
อลูมิเนียมแผ่นเพจ,41.0,03-01-2019
อลูมิเนียมแผ่นเพจ,42.0,02-12-2018
อลูมิเนียมแผ่นเพจ,42.0,02-12-2018
อลูมิเนียมแผ่นเพจ,43.0,02-12-2018
อลูมิเนียมแผ่นเพจ,43.0,02-12-2018
อลูมิเนียมแผ่นเพจ,43.0,02-12-2018
อลูมิเนียมแผ่นเพจ,43.0,01-12-2018
อลูมิเนียมแผ่นเพจ,43.0,01-12-2018
อลูมิเนียมแผ่นเพจ,43.0,01-12-2018
อลูมิเนียมแผ่นเพจ,43.0,01-12-2018
อลูมิเนียมแผ่นเพจ,43.0,01-12-2018
อลูมิเนียมแผ่นเพจ,43.0,01-12-2018
อลูมิเนียมแผ่นเพจ,43.0,01-12-2018
อลูมิเนียมแผ่นเพจ,43.0,09-12-2018
อลูมิเนียมแผ่นเพจ,43.0,08-12-2018
อลูมิเนียมแผ่นเพจ,43.0,07-12-2018
อลูมิเนียมแผ่นเพจ,43.0,06-12-2018
อลูมิเนียมแผ่นเพจ,43.0,05-12-2018
อลูมิเนียมแผ่นเพจ,44.0,04-12-2018
อลูมิเนียมแผ่นเพจ,44.0,03-12-2018
อลูมิเนียมแผ่นเพจ,44.0,03-01-2018
อลูมิเนียมแผ่นเพจ,44.0,02-01-2018
อลูมิเนียมแผ่นเพจ,44.0,02-01-2018
อลูมิเนียมแผ่นเพจ,44.0,02-01-2018
อลูมิเนียมแผ่นเพจ,44.0,02-01-2018
อลูมิเนียมแผ่นเพจ,44.0,02-01-2018
อลูมิเนียมแผ่นเพจ,44.0,02-01-2018
อลูมิเนียมแผ่นเพจ,44.0,02-01-2018
อลูมิเนียมแผ่นเพจ,44.0,02-01-2018
อลูมิเนียมแผ่นเพจ,44.0,01-01-2018
อลูมิเนียมแผ่นเพจ,44.0,01-01-2018
อลูมิเนียมแผ่นเพจ,44.0,01-01-2018
อลูมิเนียมแผ่นเพจ,44.0,01-01-2018
อลูมิเนียมแผ่นเพจ,44.0,09-01-2018
อลูมิเนียมแผ่นเพจ,44.0,08-01-2018
อลูมิเนียมแผ่นเพจ,44.0,07-01-2018
อลูมิเนียมแผ่นเพจ,44.0,06-01-2018
อลูมิเนียมแผ่นเพจ,44.0,04-01-2018
อลูมิเนียมแผ่นเพจ,44.0,03-01-2018
อลูมิเนียมแผ่นเพจ,44.0,02-01-2018
อลูมิเนียมแผ่นเพจ,44.0,01-01-2018
อลูมิเนียมแผ่นเพจ,44.0,03-10-2018
อลูมิเนียมแผ่นเพจ,44.0,03-10-2018
อลูมิเนียมแผ่นเพจ,44.0,02-10-2018
อลูมิเนียมแผ่นเพจ,44.0,02-10-2018
อลูมิเนียมแผ่นเพจ,44.0,02-10-2018
อลูมิเนียมแผ่นเพจ,44.0,02-10-2018
อลูมิเนียมแผ่นเพจ,44.0,02-10-2018
อลูมิเนียมแผ่นเพจ,44.0,01-10-2018
อลูมิเนียมแผ่นเพจ,44.0,01-10-2018
อลูมิเนียมแผ่นเพจ,44.0,01-10-2018
อลูมิเนียมแผ่นเพจ,44.0,01-10-2018
อลูมิเนียมแผ่นเพจ,44.0,01-10-2018
อลูมิเนียมแผ่นเพจ,44.0,01-10-2018
อลูมิเนียมแผ่นเพจ,44.0,01-10-2018
อลูมิเนียมแผ่นเพจ,44.0,09-10-2018
อลูมิเนียมแผ่นเพจ,44.0,07-10-2018
อลูมิเนียมแผ่นเพจ,44.0,06-10-2018
อลูมิเนียมแผ่นเพจ,44.0,04-10-2018
อลูมิเนียมแผ่นเพจ,44.0,03-10-2018
อลูมิเนียมแผ่นเพจ,44.0,02-10-2018
อลูมิเนียมแผ่นเพจ,44.0,01-10-2018
อลูมิเนียมแผ่นเพจ,44.0,02-09-2018
อลูมิเนียมแผ่นเพจ,44.0,02-09-2018
อลูมิเนียมแผ่นเพจ,44.0,02-09-2018
อลูมิเนียมแผ่นเพจ,44.0,02-09-2018
อลูมิเนียมแผ่นเพจ,44.0,02-09-2018
อลูมิเนียมแผ่นเพจ,44.0,02-09-2018
อลูมิเนียมแผ่นเพจ,44.0,01-09-2018
อลูมิเนียมแผ่นเพจ,44.0,01-09-2018
อลูมิเนียมแผ่นเพจ,44.0,01-09-2018
อลูมิเนียมแผ่นเพจ,44.0,01-09-2018
อลูมิเนียมแผ่นเพจ,44.0,01-09-2018
อลูมิเนียมแผ่นเพจ,44.0,01-09-2018
อลูมิเนียมแผ่นเพจ,44.0,01-09-2018
อลูมิเนียมแผ่นเพจ,44.0,09-09-2018
อลูมิเนียมแผ่นเพจ,44.0,08-09-2018
อลูมิเนียมแผ่นเพจ,44.0,07-09-2018
อลูมิเนียมแผ่นเพจ,44.0,06-09-2018
อลูมิเนียมแผ่นเพจ,44.0,05-09-2018
อลูมิเนียมแผ่นเพจ,44.0,04-09-2018
อลูมิเนียมแผ่นเพจ,44.0,02-09-2018
อลูมิเนียมแผ่นเพจ,44.0,01-09-2018
อลูมิเนียมแผ่นเพจ,44.0,03-08-2018
อลูมิเนียมแผ่นเพจ,44.0,02-08-2018
อลูมิเนียมแผ่นเพจ,44.0,02-08-2018
อลูมิเนียมแผ่นเพจ,44.0,02-08-2018
